Cumulative Instructions,IPC_19
20737857,1.845731869
55755387,1.077094592
411197110,1.019228651
767134918,1.019252181
1123110708,1.019254089
1478981276,1.019247067
1834961887,1.019253893
2190944232,1.019242962
2546747056,1.019247906
2902758453,1.019254653
3258674321,1.019249465
3614647196,1.019251941
3970613375,1.019253037
4326622945,1.019253686
4682650711,1.0192561
5038390226,1.019249248
5394348907,1.019254113
5691130060,1.411364354
6042526993,1.18999928
6511607475,1.374603923
7088607073,1.685967427
7649109651,1.614632839
8191345113,1.625361588
9049404018,2.471685517
9608378173,1.602805584
10128739409,1.493277335
10659826988,1.527357643
11307935720,1.860428045
12094538382,2.255764343
12816646207,2.075477868
13484986101,1.917307997
14077955720,1.700808882
14684988377,1.741106811
15254106856,1.63822842
15873938526,1.777691209
16516827677,1.844064029
17186055668,1.924361303
17833759196,1.859266103
18504173416,1.922756397
19108973670,1.738966344
19715088996,1.757607479
20446223388,2.777419375
21254937890,2.650778315
21766261629,1.466135732
22184323397,1.384923516
22568832122,1.261188385
23030487863,1.35005917
23623036633,1.733564495
24185855641,1.626179059
24754860689,1.696727965
25618356337,2.478995291
26156521132,1.543430621
26676763132,1.492210413
27215321053,1.550075931
27885250508,1.922782335
28666780584,2.245249866
29388007304,2.07360094
30055730155,1.915567176
30650442949,1.705786018
31262235270,1.756612165
31847564310,1.68514036
32459108377,1.754291422
33106540781,1.861061275
33777342904,1.924448207
34419518193,1.843905633
35084145363,1.910896629
35695190477,1.754168441
36264347511,1.759587497
37071040132,2.909835812
37826229557,2.412578328
38337706892,1.465817059
38694637134,1.267474263
39151843774,1.414904456
39591647787,1.288571705
40206798120,1.771657921
40756262963,1.587716245
41376607759,1.79225617
42204476706,2.373692568
42730231455,1.509312885
43248120471,1.485375575
43835829733,1.69012812
44492506631,1.883172856
45319227535,2.370603788
45992053671,1.934808143
46652626257,1.893756402
47241323731,1.68906451
47821789977,1.669838156
48432919323,1.75250227
49054941071,1.785460207
49708297388,1.878567076
50384336104,1.939111652
51020799926,1.824609668
51694104895,1.936692409
52298626754,1.733514895
52867403017,1.889694598
53737686121,3.007217296
54411444239,2.085399767
54922182041,1.46410295
55262131027,1.23399518
55724767672,1.408850092
56204312470,1.401641283
56798994597,1.717347271
57360324088,1.619946094
58036306801,1.950107849
58802831747,2.197386285
59320746920,1.485532415
59837463499,1.486872361
60435813227,1.716477162
61103176583,1.913362435
61925590647,2.357988659
62611371759,1.971649221
63246735584,1.823262281
63831901291,1.679492033
64399723466,1.633571977
65022904097,1.787356665
65644027739,1.781308849
66301143080,1.891390328
66975033554,1.933121562
67621686161,1.85480864
68283405327,1.903588484
68880206329,1.712578462
69440205140,1.95023413
70355574056,3.085837542
70975146654,1.877571323
71485503229,1.463151399
71803652068,1.182165265
72283890824,1.439986136
72767360663,1.416034104
73363311843,1.716106045
73922288643,1.613531891
74654909044,2.112164807
75369656823,2.04969944
75887149415,1.485261336
76405964634,1.491445054
77007565949,1.726893089
77727794636,2.065589594
78505269338,2.230431362
79201495368,2.003722929
79830183671,1.804664304
80417945387,1.687504065
80991760658,1.651756238
81611554504,1.777236836
82239654626,1.801741995
82895443127,1.885070283
83565500283,1.921506397
84222569811,1.886520487
84854580414,1.817512856
85479870902,1.793916665
86084603338,2.195515708
87002637748,3.072954559
87558053074,1.638246193
88029084335,1.463993569
88135889002,1.258266921
88517984682,1.539853905
88745641871,0.655161131
89198821588,1.553878595
89580869185,1.12727903
89969647640,1.131137981
90344709407,1.105233655
90741413809,1.153415467
91121801996,1.121733362
91518642329,1.153827456
91896838770,1.114975396
92289292280,1.14209034
92668159779,1.117481206
93064214610,1.151048304
93468928748,1.205491386
93860305510,1.167738663
94249362797,1.160132594
94651351290,1.152525367
95043583638,1.170205571
95437072856,1.173520618
95827285514,1.163450153
96236231261,1.172638199
96630353905,1.173581154
97015548496,1.146784898
97388304703,1.084176947
97781367093,1.143715725
98155445593,1.103242595
98546008776,1.134783735
98925877799,1.120067655
99321855324,1.151173052
99701305066,1.118675004
1.00E+11,1.150080629
1.00E+11,1.109682917
1.01E+11,1.163262565
1.01E+11,1.095478676
1.02E+11,1.220291153
1.02E+11,1.144759653
1.02E+11,1.199991933
1.03E+11,1.159970647
1.03E+11,1.150204742
1.04E+11,1.128980768
1.04E+11,1.196167258
1.04E+11,1.180368045
1.05E+11,1.173618839
1.05E+11,1.117448262
1.06E+11,1.162112142
1.06E+11,1.109217072
1.06E+11,1.124530778
1.07E+11,1.118342032
1.07E+11,1.109808039
1.08E+11,1.127657502
1.08E+11,1.142849164
1.08E+11,1.121888877
1.09E+11,1.135081368
1.09E+11,1.143446965
1.09E+11,1.118086723
1.10E+11,1.152984848
1.10E+11,1.20881197
1.11E+11,1.17472701
1.11E+11,1.161182378
1.11E+11,1.124599497
1.12E+11,1.198905437
1.12E+11,1.172706434
1.13E+11,1.167390476
1.13E+11,1.144774091
1.13E+11,1.19577397
1.14E+11,1.161078909
1.14E+11,1.090855538
1.15E+11,1.137464216
1.15E+11,1.105527052
1.15E+11,1.122478384
1.16E+11,1.116915402
1.16E+11,1.140688291
1.16E+11,1.130241279
1.17E+11,1.149384326
1.17E+11,1.105130225
1.18E+11,1.159977234
1.18E+11,1.11636132
1.18E+11,1.214427634
1.19E+11,1.158394188
1.19E+11,1.173498534
1.20E+11,1.175870335
1.20E+11,1.220888434
1.20E+11,1.16754582
1.21E+11,1.146240604
1.21E+11,1.213069385
1.22E+11,1.181454199
1.22E+11,1.140366771
1.22E+11,1.146151856
1.23E+11,1.077278077
1.23E+11,1.146024024
1.24E+11,1.10348272
1.24E+11,1.129544014
1.24E+11,1.112649165
1.25E+11,1.151283791
1.25E+11,1.123834097
1.25E+11,1.139119154
1.26E+11,1.140271825
1.26E+11,1.141217383
1.27E+11,1.171196572
1.27E+11,1.179685997
1.27E+11,1.183685367
1.28E+11,1.162610129
1.28E+11,1.14415614
1.29E+11,1.162289823
1.29E+11,1.183795653
1.29E+11,1.167160615
1.30E+11,1.177686326
1.30E+11,1.149543927
1.31E+11,1.145333586
1.31E+11,1.495473735
1.31E+11,1.977639534
1.32E+11,2.042020509
1.32E+11,2.198852433
1.33E+11,2.129132862
1.34E+11,2.228475843
1.35E+11,2.30417252
1.35E+11,2.154497026
1.36E+11,2.223456235
1.37E+11,2.139182784
1.38E+11,2.222502357
1.38E+11,2.283159025
1.39E+11,2.206801755
1.40E+11,2.132931881
1.41E+11,2.205574156
1.41E+11,2.499529957
1.42E+11,3.100345082
1.43E+11,3.736037308
1.44E+11,2.004816602
1.45E+11,2.734947616
1.45E+11,2.315199547
1.46E+11,2.218390274
1.47E+11,2.950347845
1.48E+11,3.496074046
1.49E+11,3.78231167
1.50E+11,1.69677557
1.51E+11,1.823825571
1.52E+11,3.67279093
1.53E+11,2.744241871
1.54E+11,2.403159184
1.54E+11,2.517425142
1.55E+11,1.977111007
1.56E+11,3.05001681
1.57E+11,2.647966684
1.59E+11,4.175488556
1.59E+11,1.74736447
1.60E+11,1.773177688
1.61E+11,3.352472958
1.62E+11,3.109094069
1.63E+11,2.112154084
1.64E+11,2.713793846
1.64E+11,2.056422983
1.65E+11,2.9633145
1.66E+11,2.531026343
1.68E+11,4.177280337
1.68E+11,2.045092467
1.69E+11,1.75699839
1.70E+11,3.06147665
1.71E+11,3.303681184
1.72E+11,2.275180342
1.73E+11,2.664904467
1.74E+11,2.135036466
1.75E+11,2.570603268
1.75E+11,2.48979492
1.77E+11,4.187912786
1.78E+11,2.366219341
1.78E+11,1.798166851
1.79E+11,2.508016079
1.81E+11,3.871015956
1.81E+11,2.028229417
1.82E+11,2.791078242
1.83E+11,2.159824139
1.84E+11,2.196567253
1.85E+11,2.926693578
1.86E+11,3.585603153
1.87E+11,3.211023733
1.88E+11,1.737019269
1.88E+11,1.776538606
1.88E+11,2.39471223
1.89E+11,1.963368325
1.90E+11,2.590594644
1.90E+11,2.068999051
1.91E+11,1.720478434
1.91E+11,1.747534133
1.92E+11,1.730133757
1.93E+11,1.819688959
1.93E+11,1.885470109
1.94E+11,1.838593489
1.95E+11,1.738039001
1.95E+11,1.867652671
1.96E+11,1.847825257
1.96E+11,1.265403857
1.97E+11,1.193521392
1.97E+11,1.492258907
1.98E+11,2.00654948
1.99E+11,2.530431052
1.99E+11,2.027455283
2.00E+11,1.703419341
2.00E+11,1.745336513
2.01E+11,1.749398372
2.02E+11,1.789187414
2.02E+11,1.916238005
2.03E+11,1.777859869
2.04E+11,1.79108379
2.04E+11,1.918965707
2.05E+11,1.619051328
2.05E+11,1.274292536
2.06E+11,1.184162168
2.06E+11,1.837047618
2.07E+11,2.301126547
2.08E+11,2.33618418
2.09E+11,1.78537291
2.09E+11,1.67783144
2.10E+11,1.744803517
2.10E+11,1.85588888
2.11E+11,1.786590545
2.12E+11,1.919426535
2.12E+11,1.68429236
2.13E+11,1.915897646
2.14E+11,1.866237278
2.14E+11,1.334907489
2.14E+11,1.249557985
2.15E+11,1.329362962
2.16E+11,2.039061767
2.16E+11,2.578810268
2.17E+11,2.034268557
2.18E+11,1.736502362
2.18E+11,1.745441011
2.19E+11,1.732568166
2.20E+11,1.801978582
2.20E+11,1.902787549
2.21E+11,1.803329009
2.21E+11,1.771055597
2.22E+11,1.917368185
2.23E+11,1.621412039
2.23E+11,1.320668636
2.24E+11,1.204044792
2.24E+11,1.719307212
2.25E+11,2.34158018
2.26E+11,2.241671374
2.26E+11,1.87845456
2.27E+11,1.676560873
2.27E+11,1.767357909
2.28E+11,1.804477675
2.29E+11,1.800100218
2.29E+11,1.960145172
2.30E+11,1.681062924
2.31E+11,1.876395634
2.31E+11,2.013739896
2.32E+11,1.309571193
2.32E+11,1.249085934
2.33E+11,1.176082398
2.33E+11,1.314621405
2.33E+11,1.429384012
2.34E+11,1.553737926
2.34E+11,1.434543442
2.35E+11,1.384753898
2.35E+11,1.561157596
2.36E+11,1.423411989
2.36E+11,1.475320507
2.37E+11,1.421371142
2.37E+11,1.383547581
2.38E+11,1.314694378
2.38E+11,1.381706945
2.39E+11,1.550308663
2.39E+11,1.496027799
2.40E+11,1.376540944
2.40E+11,1.524925414
2.41E+11,1.466612338
2.41E+11,1.441295408
2.42E+11,1.457955751
2.42E+11,1.371465839
2.43E+11,1.340630502
2.43E+11,1.36630601
2.44E+11,1.509896881
2.44E+11,1.543536584
2.45E+11,1.368966056
2.45E+11,1.49339702
2.46E+11,1.515656637
2.46E+11,1.396832062
2.47E+11,1.485982189
2.47E+11,1.372768933
2.48E+11,1.335616744
2.48E+11,1.375917199
2.49E+11,1.454352443
2.49E+11,1.547837085
2.50E+11,1.378504557
2.50E+11,1.480367634
2.51E+11,1.529448
2.51E+11,1.412414827
2.52E+11,1.497225656
2.52E+11,1.385833775
2.53E+11,1.355363639
2.53E+11,1.35026477
2.54E+11,1.423898978
2.54E+11,1.580163938
2.55E+11,1.38773649
2.55E+11,1.464884971
2.56E+11,1.5295369
2.56E+11,1.414872866
2.57E+11,1.496355815
2.57E+11,1.405971873
2.58E+11,1.365893182
2.58E+11,1.31488881
2.58E+11,1.411020452
2.59E+11,1.885644708
2.59E+11,1.971779746
2.60E+11,2.473706826
2.61E+11,2.693686273
2.62E+11,2.66114873
2.63E+11,2.693128354
2.64E+11,2.699279547
2.65E+11,3.111090508
2.66E+11,3.293211671
2.67E+11,3.29832421
2.68E+11,3.330123352
2.70E+11,3.322995643
2.71E+11,3.34610429
2.72E+11,3.324946411
2.73E+11,3.329320113
2.74E+11,3.313935572
2.75E+11,3.332579946
2.76E+11,2.495431614
2.77E+11,2.710812645
2.78E+11,2.691113672
2.79E+11,2.671586218
2.80E+11,2.702663233
2.81E+11,3.024677238
2.82E+11,3.294667776
2.83E+11,3.330086567
2.84E+11,3.320001385
2.85E+11,3.331916452
2.87E+11,3.331207609
2.88E+11,3.303188104
2.89E+11,3.27972279
2.90E+11,3.285184878
2.91E+11,3.333879529
2.92E+11,2.667497911
2.93E+11,2.681312693
2.94E+11,2.694319356
2.95E+11,2.684594709
2.96E+11,2.699921326
2.97E+11,2.878239217
2.98E+11,3.269557957
2.99E+11,3.277149202
3.00E+11,3.315152113
3.01E+11,3.32029974
3.02E+11,3.304389923
3.03E+11,3.324473246
3.05E+11,3.303068338
3.06E+11,3.30637973
3.07E+11,3.332380078
3.08E+11,2.853802722
3.09E+11,2.660136897
3.10E+11,2.691260834
3.11E+11,2.68148315
3.12E+11,2.719966233
3.13E+11,2.784809538
3.14E+11,3.260004383
3.15E+11,3.287072944
3.16E+11,3.279083982
3.17E+11,3.335691413
3.18E+11,3.339100282
3.19E+11,3.288592735
3.20E+11,3.334463703
3.22E+11,3.251082877
3.23E+11,3.259963522
3.24E+11,3.171066356
3.25E+11,2.497099401
3.26E+11,2.705229489
3.26E+11,2.682567506
3.27E+11,2.705818042
3.28E+11,2.702744768
3.29E+11,3.169828737
3.31E+11,3.276970204
3.32E+11,3.305925085
3.33E+11,3.297501378
3.34E+11,3.340877824
3.35E+11,3.330849854
3.36E+11,3.340935193
3.37E+11,3.288012584
3.38E+11,3.312205936
3.40E+11,3.361491512
3.40E+11,2.120246713
3.40E+11,2.200003225
3.41E+11,2.301829661
3.42E+11,1.246384519
3.42E+11,0.970761028
3.42E+11,0.983119589
3.43E+11,1.013639607
3.43E+11,1.839153541
3.44E+11,1.691085507
3.44E+11,0.952148415
3.45E+11,0.950349321
3.45E+11,0.951795471
3.45E+11,0.959846615
3.46E+11,0.960698164
3.46E+11,0.965161056
3.46E+11,0.966268528
3.47E+11,1.613605464
3.48E+11,2.008231957
3.48E+11,1.975620641
3.49E+11,2.012799542
3.50E+11,2.149044701
3.50E+11,2.17007444
3.51E+11,1.346105234
3.51E+11,0.962159033
3.52E+11,0.964609403
3.52E+11,0.960917949
3.52E+11,0.972355623
3.53E+11,0.987687993
3.53E+11,1.241482156
3.54E+11,2.014136569
3.55E+11,2.474828568
3.55E+11,2.532420986
3.56E+11,2.535931354
3.57E+11,2.45955779
3.58E+11,2.558049256
3.59E+11,2.472589079
3.60E+11,2.575471081
3.61E+11,2.528235838
3.62E+11,2.556965912
3.62E+11,2.273168162
3.63E+11,2.323261698
3.64E+11,1.069679476
3.64E+11,0.991437299
3.64E+11,1.014926998
3.65E+11,1.036546056
3.65E+11,2.105522934
3.66E+11,1.42034437
3.66E+11,0.966489493
3.67E+11,0.966643893
3.67E+11,0.963767335
3.67E+11,0.978623378
3.68E+11,0.974192626
3.68E+11,0.983173879
3.68E+11,0.977969154
3.69E+11,1.978332799
3.70E+11,2.013880779
3.70E+11,1.980697129
3.71E+11,2.018143066
3.72E+11,2.17861083
3.73E+11,1.992557164
3.73E+11,1.127754875
3.73E+11,0.97777082
3.74E+11,0.975188873
3.74E+11,0.986106165
3.74E+11,0.983683085
3.75E+11,1.020796489
3.75E+11,1.728514033
3.76E+11,2.187740771
3.77E+11,2.53448985
3.78E+11,2.491323593
3.79E+11,2.586396001
3.80E+11,2.51122382
3.80E+11,2.557768742
3.81E+11,2.544557867
3.82E+11,2.487371893
3.83E+11,2.527103509
3.84E+11,2.468430689
3.85E+11,2.25568008
3.85E+11,1.73306892
3.86E+11,0.992242056
3.86E+11,0.998573719
3.86E+11,1.059633466
3.87E+11,1.519074695
3.88E+11,2.017464888
3.88E+11,0.967418094
3.88E+11,0.964434006
3.89E+11,0.971189
3.89E+11,0.969321321
3.89E+11,0.973053935
3.90E+11,0.983097726
3.90E+11,0.99125192
3.90E+11,1.462635261
3.91E+11,1.990630703
3.92E+11,1.992777559
3.93E+11,2.013952708
3.93E+11,2.112996846
3.94E+11,2.174911345
3.95E+11,1.534493222
3.95E+11,0.97408638
3.95E+11,0.978444305
3.96E+11,0.977524588
3.96E+11,0.984446988
3.96E+11,1.009742031
3.97E+11,1.24228948
3.97E+11,2.012355523
3.98E+11,2.480515374
3.99E+11,2.538654004
4.00E+11,2.488476987
4.01E+11,2.508939816
4.02E+11,2.488185829
4.03E+11,2.553447046
4.03E+11,2.533107959
4.04E+11,2.555666749
4.05E+11,2.545498684
4.06E+11,2.289948901
4.07E+11,2.300239551
4.07E+11,1.245942872
4.08E+11,0.991681729
4.08E+11,1.006985601
4.08E+11,1.036607578
4.09E+11,1.972265489
4.10E+11,1.562291712
4.10E+11,0.966992298
4.10E+11,0.963700002
4.11E+11,0.965065311
4.11E+11,0.97717036
4.11E+11,0.973094482
4.12E+11,0.983445717
4.12E+11,0.98083299
4.13E+11,1.866123175
4.13E+11,2.028399409
4.14E+11,1.974365765
4.15E+11,2.013157874
4.15E+11,2.177912191
4.16E+11,2.116387437
4.17E+11,1.126518457
4.17E+11,0.978694923
4.17E+11,0.976870152
4.18E+11,0.977998792
4.18E+11,0.986754304
4.18E+11,1.031001603
4.19E+11,1.615529614
4.20E+11,2.160744521
4.20E+11,2.458924683
4.21E+11,2.572320617
4.22E+11,2.522183474
4.23E+11,2.552746804
4.24E+11,2.543849715
4.25E+11,2.483899396
4.26E+11,2.520493681
4.27E+11,2.497703883
4.27E+11,2.541079359
4.28E+11,2.259847515
4.29E+11,1.904745004
4.29E+11,0.994573386
4.30E+11,0.986047215
4.30E+11,1.055426514
4.30E+11,1.388971088
4.31E+11,2.174952756
4.32E+11,0.967957469
4.32E+11,0.964639205
4.32E+11,0.969453458
4.33E+11,0.969493682
4.33E+11,0.969801923
4.33E+11,0.981267847
4.34E+11,0.989671951
4.34E+11,1.342015555
4.35E+11,1.988466565
4.35E+11,1.999052368
4.36E+11,2.017445322
4.37E+11,2.057442312
4.38E+11,2.196293047
4.38E+11,1.692977791
4.39E+11,0.974542883
4.39E+11,0.977385472
4.39E+11,0.978314702
4.40E+11,0.983525499
4.40E+11,1.00490444
4.40E+11,1.11939287
4.41E+11,2.006413069
4.42E+11,2.427455474
4.43E+11,2.551967036
4.44E+11,2.453355604
4.44E+11,2.562781111
4.45E+11,2.458649951
4.46E+11,2.574335643
4.47E+11,2.529692908
4.48E+11,2.556238022
4.49E+11,2.539817379
4.49E+11,2.362374195
4.50E+11,1.751781726
4.50E+11,2.414935847
4.51E+11,1.335368761
4.51E+11,1.216180793
4.52E+11,1.246407662
4.52E+11,1.227810776
4.52E+11,1.170346249
4.53E+11,1.105434016
4.53E+11,1.071195816
4.54E+11,2.507750406
4.55E+11,1.517203554
4.55E+11,1.183447622
4.55E+11,1.25632758
4.56E+11,1.209509683
4.56E+11,1.160215007
4.57E+11,1.104762957
4.57E+11,1.460915102
4.58E+11,2.257970932
4.58E+11,1.257958093
4.59E+11,1.262986532
4.59E+11,1.283468441
4.60E+11,1.197695409
4.60E+11,1.133542141
4.60E+11,1.084612184
4.61E+11,1.971525263
4.62E+11,1.769916517
4.62E+11,1.417132689
4.63E+11,1.185598631
4.63E+11,1.21425781
4.63E+11,1.197417952
4.64E+11,1.114041889
4.64E+11,1.06560917
4.65E+11,2.293754882
4.66E+11,1.612230357
4.66E+11,1.25197046
4.66E+11,1.235896098
4.67E+11,1.226722035
4.67E+11,1.160272117
4.68E+11,1.105674004
4.68E+11,1.320308604
4.68E+11,3.185057722
4.69E+11,1.687339984
4.69E+11,1.263664119
4.70E+11,1.976023101
4.70E+11,1.479791915
4.71E+11,1.930644429
4.71E+11,1.401916563
4.72E+11,2.070376004
4.73E+11,1.271966928
4.73E+11,2.066424434
4.74E+11,1.46579203
4.74E+11,1.878348177
4.75E+11,1.554594672
4.76E+11,1.784289626
4.76E+11,1.635595661
4.77E+11,1.705327865
4.77E+11,1.724745123
4.78E+11,1.606652862
4.79E+11,1.79761342
4.79E+11,1.539810547
4.80E+11,1.890089609
4.80E+11,1.442937608
4.81E+11,2.072068302
4.81E+11,1.260867493
4.82E+11,2.060160908
4.83E+11,1.446388323
4.83E+11,1.886373242
4.84E+11,1.553657281
4.84E+11,1.775839063
4.85E+11,1.635338863
4.86E+11,1.696195324
4.86E+11,1.731999594
4.87E+11,1.601178502
4.87E+11,1.818807284
4.88E+11,1.515602037
4.89E+11,1.91785497
4.89E+11,1.415203444
4.90E+11,2.058145228
4.90E+11,1.273892382
4.91E+11,2.059394141
4.91E+11,1.486419638
4.92E+11,1.848767067
4.93E+11,1.579398192
4.93E+11,1.749411658
4.94E+11,1.664192336
4.94E+11,1.668128827
4.95E+11,1.75011789
4.96E+11,1.583075104
4.96E+11,1.84095971
4.97E+11,1.49247063
4.97E+11,1.965028312
4.98E+11,1.361875035
4.99E+11,2.056042133
4.99E+11,1.274839562
5.00E+11,2.06024067
5.00E+11,1.507316023
5.01E+11,1.825572785
5.02E+11,1.59615784
5.02E+11,1.728355668
5.03E+11,1.678650643
5.03E+11,1.655798614
5.04E+11,1.760857266
5.04E+11,1.57316263
5.05E+11,1.851553283
5.06E+11,1.47644416
5.06E+11,1.978650333
5.07E+11,1.350803936
5.07E+11,2.057292011
5.08E+11,1.303153223
5.09E+11,2.02493087
5.09E+11,1.516414696
5.10E+11,1.816461699
5.10E+11,1.603367458
5.11E+11,1.725884401
5.12E+11,1.681467291
5.12E+11,1.6483746
5.13E+11,1.778236403
5.13E+11,1.551988469
5.14E+11,1.860386727
5.14E+11,1.471271401
5.15E+11,1.987526818
5.16E+11,1.34309506
5.16E+11,2.054445932
5.17E+11,1.325824798
5.17E+11,1.996725973
5.18E+11,1.520217082
5.19E+11,1.814254942
5.19E+11,1.607196899
5.20E+11,1.714481637
5.20E+11,1.682776739
5.21E+11,1.647747266
5.22E+11,1.780449471
5.22E+11,1.554009201
5.23E+11,1.868324325
5.23E+11,1.463176624
5.24E+11,2.01398641
5.24E+11,2.332137781
5.24E+11,1.679520764
5.25E+11,1.703901798
5.25E+11,1.814272807
5.26E+11,2.503069446
5.26E+11,2.285587224
5.27E+11,2.875341263
5.28E+11,2.125553872
5.28E+11,0.931754663
5.29E+11,1.87342097
5.30E+11,2.494542734
5.31E+11,1.627205182
5.31E+11,0.612679701
5.31E+11,0.795745704
5.32E+11,2.139966762
5.33E+11,2.884241132
5.34E+11,2.47092277
5.34E+11,1.020411114
5.34E+11,1.43690722
5.35E+11,2.569366075
5.36E+11,1.875556439
5.36E+11,0.613468343
5.36E+11,0.803035289
5.37E+11,2.138081341
5.38E+11,2.884333658
5.39E+11,2.455850176
5.39E+11,1.017922514
5.40E+11,1.45205494
5.41E+11,2.562548593
5.41E+11,1.865225979
5.42E+11,0.614554364
5.42E+11,0.816357563
5.43E+11,2.135489182
5.44E+11,2.89311752
5.45E+11,2.442655061
5.45E+11,1.01530864
5.45E+11,1.466675173
5.46E+11,2.566595034
5.47E+11,1.842777924
5.47E+11,0.61456178
5.48E+11,0.844679221
5.48E+11,2.139656977
5.49E+11,2.898671696
5.50E+11,2.416623635
5.50E+11,1.010563456
5.51E+11,1.503273918
5.52E+11,2.548808156
5.53E+11,1.818249015
5.53E+11,0.614623881
5.53E+11,0.614286622
5.53E+11,2.284975243
5.54E+11,2.962730757
5.55E+11,2.696711558
5.56E+11,2.216609605
5.57E+11,2.095637981
5.57E+11,2.111940864
5.58E+11,2.045150328
5.59E+11,1.959311609
5.59E+11,1.973393553
5.60E+11,1.98123959
5.61E+11,1.98939011
5.61E+11,1.980747585
5.62E+11,1.979666
5.63E+11,1.983188939
5.63E+11,1.712331105
5.64E+11,1.43384998
5.64E+11,1.614293758
5.65E+11,1.598257882
5.66E+11,1.680006366
5.66E+11,1.641747935
5.67E+11,1.663168966
5.67E+11,1.712214732
5.68E+11,1.609872954
5.68E+11,1.661215734
5.69E+11,1.744172116
5.70E+11,1.572304185
5.70E+11,1.677468218
5.71E+11,1.720435945
5.71E+11,1.587601977
5.72E+11,1.690495868
5.72E+11,1.635951565
5.73E+11,1.667235015
5.74E+11,1.709910923
5.74E+11,1.611363307
5.75E+11,2.086078579
5.76E+11,2.146316681
5.76E+11,2.115576403
5.77E+11,2.158870205
5.78E+11,1.895663098
5.78E+11,1.970962119
5.79E+11,1.981155854
5.80E+11,1.973580575
5.81E+11,1.977830764
5.81E+11,1.983349236
5.82E+11,1.989609156
5.83E+11,2.220242929
5.83E+11,1.114668196
5.84E+11,1.525867049
5.84E+11,1.6303479
5.85E+11,1.738392493
5.85E+11,1.564370044
5.86E+11,1.677430279
5.87E+11,1.689930868
5.87E+11,1.61398538
5.88E+11,1.690457816
5.88E+11,1.631105598
5.89E+11,1.669075073
5.89E+11,1.709026835
5.90E+11,1.607178279
5.91E+11,1.671818322
5.91E+11,1.74974877
5.92E+11,1.572883073
5.92E+11,1.677234996
5.93E+11,1.719489686
5.93E+11,1.588492508
5.94E+11,1.917338268
5.95E+11,2.184477888
5.96E+11,2.10596453
5.96E+11,2.107616456
5.97E+11,1.993558799
5.98E+11,1.964715061
5.98E+11,1.990307323
5.99E+11,1.970133466
6.00E+11,1.977970334
6.00E+11,1.980006094
6.01E+11,2.000438687
6.02E+11,2.00705096
6.02E+11,1.446697278
6.03E+11,1.567925902
6.03E+11,1.630974253
6.04E+11,1.606258843
6.05E+11,1.655729002
6.05E+11,1.739845041
6.06E+11,1.567408097
6.06E+11,1.679942457
6.07E+11,1.704604517
6.07E+11,1.600283133
6.08E+11,1.693865687
6.09E+11,1.639253021
6.09E+11,1.6676394
6.10E+11,1.71213794
6.10E+11,1.617979911
6.11E+11,1.666914969
6.12E+11,1.73887717
6.12E+11,1.583100825
6.13E+11,1.677090405
6.13E+11,1.647791031
6.14E+11,2.260978414
6.15E+11,2.113396559
6.16E+11,2.111585027
6.16E+11,2.069025612
6.17E+11,1.939459433
6.18E+11,1.972884345
6.18E+11,1.984565809
6.19E+11,1.987321418
6.20E+11,1.977266277
6.20E+11,1.975973493
6.21E+11,1.995461424
6.22E+11,1.949948472
6.22E+11,1.293488476
6.23E+11,1.549221562
6.23E+11,1.644823175
6.24E+11,1.696801131
6.24E+11,1.611469208
6.25E+11,1.659684985
6.26E+11,1.738503927
6.26E+11,1.574915487
6.27E+11,1.674260924
6.27E+11,1.717502502
6.28E+11,1.594527868
6.28E+11,1.68504012
6.29E+11,1.640552457
6.30E+11,1.670192478
6.30E+11,1.708310839
6.31E+11,1.618705271
6.31E+11,1.664081745
6.32E+11,1.73458879
6.32E+11,1.582569431
6.33E+11,2.010543501
6.34E+11,2.164196916
6.35E+11,2.102060393
6.35E+11,2.111034354
6.36E+11,1.985711434
6.37E+11,1.974147472
6.37E+11,1.98681867
6.38E+11,1.984468491
6.39E+11,1.999830024
6.40E+11,1.976771647
6.40E+11,1.979155956
6.41E+11,2.289642394
6.41E+11,1.17967931
6.42E+11,1.481456885
6.42E+11,1.617917655
6.43E+11,1.635042448
6.44E+11,1.654919355
6.44E+11,1.699239941
6.45E+11,1.606885062
6.45E+11,1.662905626
6.46E+11,1.7329302
6.46E+11,1.590653869
6.47E+11,1.675002756
6.48E+11,1.740499411
6.48E+11,1.571835648
6.49E+11,1.688584952
6.49E+11,1.656871465
6.50E+11,1.652773432
6.51E+11,1.701367361
6.51E+11,1.624132019
6.52E+11,1.669843341
6.52E+11,1.647270714
6.52E+11,1.679429359
6.53E+11,1.63060694
6.53E+11,1.64424845
6.54E+11,1.659762072
6.54E+11,1.579175298
6.55E+11,1.758362492
6.55E+11,1.800700935
6.57E+11,3.629729159
6.58E+11,3.689634671
6.59E+11,3.692078063
6.60E+11,3.692861901
6.61E+11,2.539729672
6.62E+11,1.544602438
6.62E+11,1.410005561
6.63E+11,1.410762055
6.63E+11,1.405278119
6.64E+11,1.408111718
6.64E+11,1.409191299
6.65E+11,1.460495205
6.65E+11,1.646534299
6.66E+11,1.657976699
6.66E+11,1.630230766
6.67E+11,1.625667916
6.68E+11,2.009720149
6.69E+11,2.612871155
6.70E+11,3.694620395
6.71E+11,3.693000581
6.72E+11,3.696234289
6.74E+11,3.201258589
6.74E+11,1.643148045
6.75E+11,1.403113458
6.75E+11,1.398878325
6.76E+11,1.398810604
6.76E+11,1.402805847
6.77E+11,1.401338294
6.77E+11,1.40173889
6.78E+11,1.637953014
6.78E+11,1.661738582
6.79E+11,1.666372736
6.79E+11,1.558586346
6.80E+11,1.872643466
6.81E+11,1.89159104
6.82E+11,3.695003612
6.83E+11,3.689550323
6.84E+11,3.689777832
6.86E+11,3.691265491
6.86E+11,2.074323135
6.87E+11,1.41067526
6.87E+11,1.407163513
6.88E+11,1.404624382
6.88E+11,1.403857584
6.89E+11,1.402633106
6.89E+11,1.403471312
6.90E+11,1.541838999
6.90E+11,1.653257385
6.91E+11,1.677497195
6.92E+11,1.594030561
6.92E+11,1.774244258
6.93E+11,1.623032709
6.94E+11,3.623737494
6.95E+11,3.68932946
6.97E+11,3.688571505
6.98E+11,3.695795263
6.99E+11,2.559473526
6.99E+11,1.491532581
7.00E+11,1.401018848
7.00E+11,1.40081665
7.01E+11,1.402394744
7.01E+11,1.404122469
7.02E+11,1.402798506
7.02E+11,1.483496628
7.03E+11,1.647112332
7.03E+11,1.66193148
7.04E+11,1.621244955
7.04E+11,1.617188459
7.05E+11,2.009912798
7.06E+11,2.788601199
7.07E+11,3.690717447
7.09E+11,3.690023628
7.10E+11,3.689001342
7.11E+11,2.936904902
7.12E+11,1.722133679
7.12E+11,1.405517109
7.13E+11,1.405958082
7.13E+11,1.401694293
7.13E+11,1.402334575
7.14E+11,1.406195673
7.14E+11,1.399325785
7.14E+11,0.253796934
7.15E+11,1.43359812
7.15E+11,1.652358345
7.16E+11,1.977923473
7.16E+11,1.749829292
7.17E+11,1.470173698
7.17E+11,1.530658997
7.18E+11,1.841095225
7.18E+11,1.799966713
7.19E+11,1.717463764
7.19E+11,1.19673487
7.20E+11,1.14970253
7.20E+11,0.889427451
7.20E+11,0.958400088
7.21E+11,2.389328211
7.21E+11,1.145952845
7.22E+11,1.232900633
7.22E+11,0.489963741
7.22E+11,0.754461514
7.23E+11,1.016459477
7.23E+11,1.23102953
7.23E+11,1.146679024
7.24E+11,0.790496376
7.24E+11,1.783185458
7.25E+11,1.733503508
7.25E+11,1.106981731
7.25E+11,0.907373859
7.26E+11,0.572766765
7.26E+11,0.983376973
7.26E+11,1.149102661
7.27E+11,1.151585655
7.27E+11,0.900719093
7.27E+11,1.027409507
7.28E+11,2.310125616
7.29E+11,1.111727114
7.29E+11,1.169067106
7.29E+11,0.466352807
7.29E+11,0.904507537
7.30E+11,1.081257729
7.30E+11,1.161606839
7.31E+11,1.114687532
7.31E+11,0.790918903
7.32E+11,2.353035934
7.32E+11,1.175183412
7.33E+11,1.201215817
7.33E+11,0.588033931
7.33E+11,0.730395325
7.33E+11,1.030894588
7.34E+11,1.233945714
7.34E+11,1.147441575
7.34E+11,0.810514704
7.35E+11,1.814690819
7.36E+11,1.705658876
7.36E+11,1.109022138
7.36E+11,0.900297833
7.36E+11,0.579591744
7.37E+11,0.984854896
7.37E+11,1.076345525
7.37E+11,2.427205514
7.37E+11,1.622007193
7.38E+11,3.222038219
7.39E+11,3.181765797
7.40E+11,3.327802212
7.41E+11,2.756235295
7.42E+11,2.265262539
7.42E+11,2.333989574
7.43E+11,2.290772538
7.43E+11,2.042974509
7.44E+11,1.82373733
7.44E+11,1.677311346
7.45E+11,1.642103396
7.45E+11,1.371433252
7.46E+11,1.371498094
7.46E+11,1.343298055
7.47E+11,1.470006931
7.47E+11,1.350760164
7.48E+11,1.272775074
7.48E+11,1.099322316
7.48E+11,1.218544244
7.49E+11,1.406933108
7.49E+11,1.430822361
7.50E+11,1.478078858
7.50E+11,1.212123861
7.51E+11,1.485460515
7.51E+11,1.422065777
7.52E+11,1.297511431
7.52E+11,1.226511442
7.53E+11,1.075624998
7.53E+11,1.332964896
7.54E+11,1.4512944
7.54E+11,1.368527133
7.55E+11,1.51442626
7.55E+11,1.169667738
7.56E+11,1.570594907
7.56E+11,1.405427675
7.57E+11,1.225067458
7.57E+11,1.237617884
7.57E+11,1.132610724
7.58E+11,1.322988371
7.58E+11,1.51255683
7.59E+11,1.380104007
7.59E+11,1.419118531
7.60E+11,1.291758881
7.60E+11,1.490510124
7.61E+11,1.342586933
7.61E+11,1.290529143
7.62E+11,1.106958426
7.62E+11,1.204406045
7.63E+11,1.404966285
7.63E+11,1.43790632
7.64E+11,1.486455639
7.64E+11,1.216422522
7.64E+11,1.455807881
7.65E+11,1.449052333
7.65E+11,1.307066683
7.66E+11,1.217443438
7.66E+11,1.073137899
7.67E+11,1.324714308
7.67E+11,1.467058764
7.67E+11,1.678743136
7.67E+11,1.11849744
7.68E+11,1.397176134
7.68E+11,1.400265359
7.69E+11,1.402656165
7.69E+11,1.403259892
7.70E+11,1.704314422
7.70E+11,2.012418305
7.71E+11,1.770262651
7.72E+11,2.049253066
7.72E+11,1.754144099
7.73E+11,1.860741552
7.73E+11,1.802772297
7.74E+11,1.743197922
7.75E+11,1.791204894
7.75E+11,1.562970541
7.76E+11,1.856582932
7.77E+11,1.876517942
7.77E+11,1.809526911
7.78E+11,1.754700039
7.78E+11,1.883484801
7.79E+11,1.760035712
7.80E+11,1.816679419
7.80E+11,1.941785924
7.81E+11,1.833931509
7.82E+11,2.02183534
7.82E+11,1.817765719
7.83E+11,1.778056701
7.84E+11,1.755880029
7.84E+11,1.819981716
7.85E+11,1.67422888
7.85E+11,1.678173137
7.86E+11,1.956660112
7.87E+11,1.757153911
7.87E+11,1.785155319
7.88E+11,1.808549316
7.89E+11,1.802641384
7.89E+11,1.807729192
7.90E+11,1.990084342
7.90E+11,1.763125739
7.91E+11,2.032706716
7.92E+11,1.808962943
7.92E+11,1.802473139
7.93E+11,1.858899375
7.94E+11,1.707954643
7.94E+11,1.859931221
7.95E+11,1.537182418
7.95E+11,1.800877995
7.96E+11,1.940282531
7.97E+11,1.755091974
7.97E+11,1.797971221
7.98E+11,1.851582913
7.99E+11,1.783086137
7.99E+11,1.858469168
8.00E+11,1.889447052
8.01E+11,1.913579692
8.01E+11,1.865989356
8.02E+11,1.858236565
8.02E+11,1.771791225
8.03E+11,1.757076452
8.04E+11,1.792421617
8.04E+11,1.62851721
8.05E+11,1.75593318
8.06E+11,1.942847812
8.06E+11,1.827360501
8.07E+11,1.780764844
8.07E+11,1.773764622
8.08E+11,1.777133172
8.09E+11,1.861907161
8.09E+11,1.906433757
8.10E+11,1.840746012
8.11E+11,1.979504498
8.11E+11,1.865173273
8.12E+11,1.80631916
8.13E+11,1.827260494
8.13E+11,1.731098621
8.14E+11,1.810777682
8.14E+11,1.589328696
8.15E+11,1.810896346
8.16E+11,1.857873748
8.16E+11,1.798152638
8.17E+11,1.830858655
8.17E+11,1.697996544
8.18E+11,2.135754437
8.18E+11,1.501358203
8.18E+11,1.264019625
8.18E+11,1.397773778
8.19E+11,1.282322807
8.19E+11,1.633994133
8.20E+11,1.491009777
8.20E+11,1.504678311
8.21E+11,1.58904659
