Cumulative Instructions,IPC_19,IPC_03,Speed_up
20737857,1.8457,2.0676,1.120225389
55755387,1.0771,1.0933,1.015040386
411197110,1.0192,1.0369,1.017366562
767134918,1.0193,1.0195,1.000196213
1123110708,1.0193,1.0194,1.000098107
1478981276,1.0192,1.0194,1.000196232
1834961887,1.0193,1.0195,1.000196213
2190944232,1.0192,1.0195,1.000294349
2546747056,1.0192,1.0195,1.000294349
2902758453,1.0193,1.0194,1.000098107
3258674321,1.0192,1.0193,1.000098116
3614647196,1.0193,1.0194,1.000098107
3970613375,1.0193,1.0194,1.000098107
4326622945,1.0193,1.0193,1
4682650711,1.0193,1.0195,1.000196213
5038390226,1.0192,1.0193,1.000098116
5394348907,1.0193,1.0193,1
5691130060,1.4114,1.0194,0.722261584
6042526993,1.19,1.0193,0.856554622
6511607475,1.3746,1.0194,0.741597556
7088607073,1.686,1.0798,0.640450771
7649109651,1.6146,1.6443,1.018394649
8191345113,1.6254,1.5421,0.948751077
9049404018,2.4717,1.9914,0.805680301
9608378173,1.6028,2.0437,1.275081108
10128739409,1.4933,2.1747,1.456304828
10659826988,1.5274,2.4676,1.615555847
11307935720,1.8604,2.7132,1.458396044
12094538382,2.2558,2.2309,0.988961787
12816646207,2.0755,2.4483,1.179619369
13484986101,1.9173,2.7471,1.43279612
14077955720,1.7008,2.7534,1.61888523
14684988377,1.7411,2.7599,1.585147321
15254106856,1.6382,2.5661,1.566414357
15873938526,1.7777,2.3591,1.327051809
16516827677,1.8441,2.3338,1.265549591
17186055668,1.9244,2.3239,1.207597173
17833759196,1.8593,2.3321,1.254289249
18504173416,1.9228,2.3531,1.223788226
19108973670,1.739,2.3668,1.361012076
19715088996,1.7576,2.3321,1.326866181
20446223388,2.7774,2.3048,0.829840858
21254937890,2.6508,2.3769,0.896672703
21766261629,1.4661,2.7391,1.868290021
22184323397,1.3849,3.0353,2.191710593
22568832122,1.2612,2.6556,2.105613701
23030487863,1.3501,2.1554,1.596474335
23623036633,1.7336,1.1281,0.650726811
24185855641,1.6262,1.386,0.852293691
24754860689,1.6967,1.5645,0.922084046
25618356337,2.479,1.996,0.805163372
26156521132,1.5434,2.1403,1.386743553
26676763132,1.4922,2.2555,1.511526605
27215321053,1.5501,2.4122,1.556157667
27885250508,1.9228,2.6098,1.35729145
28666780584,2.2452,2.2892,1.019597363
29388007304,2.0736,2.4494,1.18123071
30055730155,1.9156,2.8156,1.469826686
30650442949,1.7058,2.8157,1.650662446
31262235270,1.7566,2.6588,1.513605829
31847564310,1.6851,2.5098,1.489407157
32459108377,1.7543,2.3546,1.342187767
33106540781,1.8611,2.3314,1.252700016
33777342904,1.9244,2.3234,1.207337352
34419518193,1.8439,2.3226,1.259612777
35084145363,1.9109,2.3345,1.22167565
35695190477,1.7542,2.3514,1.340440087
36264347511,1.7596,2.3302,1.324278245
37071040132,2.9098,2.3023,0.791222764
37826229557,2.4126,2.2877,0.948230125
38337706892,1.4658,2.7829,1.898553691
38694637134,1.2675,3.1285,2.468244576
39151843774,1.4149,2.8763,2.032864513
39591647787,1.2886,1.8144,1.408039733
40206798120,1.7717,1.137,0.641756505
40756262963,1.5877,1.5208,0.957863576
41376607759,1.7923,1.5933,0.888969481
42204476706,2.3737,1.9558,0.823945739
42730231455,1.5093,2.1777,1.442854303
43248120471,1.4854,2.3894,1.608590279
43835829733,1.6901,2.4624,1.45695521
44492506631,1.8832,2.4248,1.287595582
45319227535,2.3706,2.3128,0.975617987
45992053671,1.9348,2.4588,1.270829026
46652626257,1.8938,2.8008,1.478931249
47241323731,1.6891,2.8597,1.693031792
47821789977,1.6698,2.5975,1.555575518
48432919323,1.7525,2.4216,1.381797432
49054941071,1.7855,2.3369,1.308821059
49708297388,1.8786,2.3248,1.2375173
50384336104,1.9391,2.3305,1.201846217
51020799926,1.8246,2.3336,1.278965253
51694104895,1.9367,2.3371,1.20674343
52298626754,1.7335,2.3403,1.350043265
52867403017,1.8897,2.3337,1.23495793
53737686121,3.0072,2.2947,0.763068635
54411444239,2.0854,2.2425,1.075333269
54922182041,1.4641,2.7926,1.907383375
55262131027,1.234,3.1587,2.559724473
55724767672,1.4089,3.325,2.359997161
56204312470,1.4016,1.4259,1.017337329
56798994597,1.7173,1.2097,0.704419729
57360324088,1.6199,1.5314,0.945366998
58036306801,1.9501,1.6728,0.857802164
58802831747,2.1974,1.9311,0.878811322
59320746920,1.4855,2.1827,1.469336924
59837463499,1.4869,2.4769,1.665814782
60435813227,1.7165,2.6101,1.520594232
61103176583,1.9134,2.3212,1.213128462
61925590647,2.358,2.337,0.991094148
62611371759,1.9716,2.4975,1.266737675
63246735584,1.8233,2.7611,1.514342127
63831901291,1.6795,2.8982,1.725632629
64399723466,1.6336,2.6528,1.623898139
65022904097,1.7874,2.4364,1.363097236
65644027739,1.7813,2.3434,1.315556055
66301143080,1.8914,2.3098,1.221211801
66975033554,1.9331,2.3155,1.197816978
67621686161,1.8548,2.328,1.255121846
68283405327,1.9036,2.3362,1.227253625
68880206329,1.7126,2.3372,1.36470863
69440205140,1.9502,2.3201,1.189672854
70355574056,3.0858,2.2987,0.744928382
70975146654,1.8776,2.3383,1.245366425
71485503229,1.4632,2.6907,1.838914707
71803652068,1.1822,2.9501,2.495432245
72283890824,1.44,3.3416,2.320555556
72767360663,1.416,1.4236,1.005367232
73363311843,1.7161,1.2339,0.719014043
73922288643,1.6135,1.5274,0.946637744
74654909044,2.1122,1.7926,0.848688571
75369656823,2.0497,1.8752,0.91486559
75887149415,1.4853,2.0651,1.39035885
76405964634,1.4914,2.4441,1.638795762
77007565949,1.7269,2.809,1.626614164
77727794636,2.0656,2.3244,1.125290473
78505269338,2.2304,2.3377,1.048107963
79201495368,2.0037,2.5416,1.268453361
79830183671,1.8047,2.7231,1.508893445
80417945387,1.6875,2.8927,1.714192593
80991760658,1.6518,2.6584,1.609395811
81611554504,1.7772,2.4205,1.361973892
82239654626,1.8017,2.3498,1.304212688
82895443127,1.8851,2.3144,1.227733277
83565500283,1.9215,2.3244,1.209679938
84222569811,1.8865,2.3426,1.241770474
84854580414,1.8175,2.3531,1.294690509
85479870902,1.7939,2.3255,1.296337588
86084603338,2.1955,2.3081,1.051286723
87002637748,3.073,2.3529,0.765668728
87558053074,1.6382,2.5537,1.558845074
88029084335,1.464,2.6679,1.822336066
88135889002,1.2583,2.6752,2.126043074
88517984682,1.5399,2.7014,1.754269758
88745641871,0.6552,2.7171,4.146978022
89198821588,1.5539,1.8726,1.205096853
89580869185,1.1273,1.1128,0.987137408
89969647640,1.1311,1.7493,1.546547609
90344709407,1.1052,1.7294,1.564784654
90741413809,1.1534,1.3123,1.137766603
91121801996,1.1217,1.2464,1.111170545
91518642329,1.1538,1.2394,1.074189634
91896838770,1.115,1.2384,1.110672646
92289292280,1.1421,1.2276,1.074862096
92668159779,1.1175,1.2271,1.098076063
93064214610,1.151,1.2351,1.073066898
93468928748,1.2055,1.2465,1.034010784
93860305510,1.1677,1.2354,1.05797722
94249362797,1.1601,1.2435,1.071890354
94651351290,1.1525,1.2487,1.083470716
95043583638,1.1702,1.2323,1.053067852
95437072856,1.1735,1.1933,1.016872603
95827285514,1.1635,1.1721,1.007391491
96236231261,1.1726,1.1675,0.995650691
96630353905,1.1736,1.1728,0.999318337
97015548496,1.1468,1.1737,1.023456575
97388304703,1.0842,1.1709,1.079966796
97781367093,1.1437,1.1681,1.021334266
98155445593,1.1032,1.1709,1.061366933
98546008776,1.1348,1.1556,1.018329221
98925877799,1.1201,1.1424,1.019908937
99321855324,1.1512,1.1595,1.007209868
99701305066,1.1187,1.2475,1.115133637
1E+11,1.1501,1.2304,1.069820016
1E+11,1.1097,1.2304,1.108768136
1.01E+11,1.1633,1.2429,1.068426029
1.01E+11,1.0955,1.2429,1.134550434
1.02E+11,1.2203,1.2317,1.009341965
1.02E+11,1.1448,1.2317,1.075908456
1.02E+11,1.2,1.2317,1.026416667
1.03E+11,1.16,1.2455,1.073706897
1.03E+11,1.1502,1.2455,1.082855156
1.04E+11,1.129,1.1973,1.060496014
1.04E+11,1.1962,1.1973,1.000919579
1.04E+11,1.1804,1.1973,1.014317181
1.05E+11,1.1736,1.144,0.974778459
1.05E+11,1.1174,1.144,1.023805262
1.06E+11,1.1621,1.1673,1.004474658
1.06E+11,1.1092,1.1673,1.052380094
1.06E+11,1.1245,1.1673,1.038061361
1.07E+11,1.1183,1.138,1.017616024
1.07E+11,1.1098,1.138,1.025409984
1.08E+11,1.1277,1.1913,1.056397978
1.08E+11,1.1428,1.1913,1.042439622
1.08E+11,1.1219,1.1913,1.061859346
1.09E+11,1.1351,1.2582,1.108448595
1.09E+11,1.1434,1.2582,1.100402309
1.09E+11,1.1181,1.2582,1.125301851
1.1E+11,1.153,1.2425,1.077623591
1.1E+11,1.2088,1.2425,1.027878888
1.11E+11,1.1747,1.2351,1.051417383
1.11E+11,1.1612,1.2351,1.063641061
1.11E+11,1.1246,1.2351,1.098257158
1.12E+11,1.1989,1.2503,1.042872633
1.12E+11,1.1727,1.2503,1.066172082
1.13E+11,1.1674,1.1822,1.012677745
1.13E+11,1.1448,1.1822,1.032669462
1.13E+11,1.1958,1.1822,0.988626861
1.14E+11,1.1611,1.1611,1
1.14E+11,1.0909,1.1611,1.064350536
1.15E+11,1.1375,1.1933,1.049054945
1.15E+11,1.1055,1.1933,1.079421076
1.15E+11,1.1225,1.1933,1.063073497
1.16E+11,1.1169,1.133,1.014414898
1.16E+11,1.1407,1.133,0.993249759
1.16E+11,1.1302,1.133,1.002477438
1.17E+11,1.1494,1.2363,1.075604663
1.17E+11,1.1051,1.2363,1.118722288
1.18E+11,1.16,1.2544,1.08137931
1.18E+11,1.1164,1.2544,1.123611609
1.18E+11,1.2144,1.2544,1.032938076
1.19E+11,1.1584,1.2371,1.067938536
1.19E+11,1.1735,1.2371,1.054196847
1.2E+11,1.1759,1.2327,1.048303427
1.2E+11,1.2209,1.2327,1.009665001
1.2E+11,1.1675,1.2327,1.055845824
1.21E+11,1.1462,1.1776,1.02739487
1.21E+11,1.2131,1.1776,0.970736131
1.22E+11,1.1815,1.1666,0.987388912
1.22E+11,1.1404,1.1666,1.022974395
1.22E+11,1.1462,1.1666,1.017797941
1.23E+11,1.0773,1.1865,1.101364522
1.23E+11,1.146,1.1865,1.035340314
1.24E+11,1.1035,1.146,1.03851382
1.24E+11,1.1295,1.146,1.014608234
1.24E+11,1.1126,1.146,1.030019774
1.25E+11,1.1513,1.25,1.085729176
1.25E+11,1.1238,1.25,1.112297562
1.25E+11,1.1391,1.25,1.097357563
1.26E+11,1.1403,1.2241,1.073489433
1.26E+11,1.1412,1.2241,1.072642832
1.27E+11,1.1712,1.2337,1.053364071
1.27E+11,1.1797,1.2337,1.045774349
1.27E+11,1.1837,1.2337,1.042240433
1.28E+11,1.1626,1.2548,1.079305006
1.28E+11,1.1442,1.2548,1.096661423
1.29E+11,1.1623,1.1738,1.009894175
1.29E+11,1.1838,1.1738,0.991552627
1.29E+11,1.1672,1.1738,1.005654558
1.3E+11,1.1777,1.1694,0.992952365
1.3E+11,1.1495,1.1694,1.017311875
1.31E+11,1.1453,1.1729,1.024098489
1.31E+11,1.4955,1.1729,0.784286192
1.31E+11,1.9776,1.1729,0.593092638
1.32E+11,2.042,1.1194,0.548188051
1.32E+11,2.1989,1.1194,0.509072718
1.33E+11,2.1291,3.4247,1.608520032
1.34E+11,2.2285,2.624,1.177473637
1.35E+11,2.3042,2.7639,1.199505251
1.35E+11,2.1545,2.7639,1.282849849
1.36E+11,2.2235,2.6731,1.202203733
1.37E+11,2.1392,2.532,1.183620045
1.38E+11,2.2225,2.8216,1.269561305
1.38E+11,2.2832,2.8216,1.23580939
1.39E+11,2.2068,2.6768,1.212978068
1.4E+11,2.1329,2.532,1.187116133
1.41E+11,2.2056,2.745,1.244559304
1.41E+11,2.4995,2.745,1.098219644
1.42E+11,3.1003,2.6128,0.842757153
1.43E+11,3.736,2.6675,0.713998929
1.44E+11,2.0048,4.1438,2.066939346
1.45E+11,2.7349,3.8747,1.416761125
1.45E+11,2.3152,3.8747,1.673591914
1.46E+11,2.2184,3.7102,1.672466643
1.47E+11,2.9503,3.5458,1.20184388
1.48E+11,3.4961,2.8372,0.811532851
1.49E+11,3.7823,3.5078,0.927425112
1.5E+11,1.6968,4.1785,2.462576615
1.51E+11,1.8238,4.4885,2.461070293
1.52E+11,3.6728,2.107,0.573676759
1.53E+11,2.7442,3.32,1.209824357
1.54E+11,2.4032,4.533,1.88623502
1.54E+11,2.5174,4.533,1.800667355
1.55E+11,1.9771,3.913,1.979161398
1.56E+11,3.05,3.2929,1.079639344
1.57E+11,2.648,2.7937,1.055022659
1.59E+11,4.1755,3.7698,0.902837983
1.59E+11,1.7474,3.7698,2.157376674
1.6E+11,1.7732,4.0246,2.269681931
1.61E+11,3.3525,4.2794,1.276480239
1.62E+11,3.1091,2.1349,0.686661735
1.63E+11,2.1122,3.3292,1.576176498
1.64E+11,2.7138,4.5235,1.66685091
1.64E+11,2.0564,4.5235,2.199717954
1.65E+11,2.9633,3.3029,1.114601964
1.66E+11,2.531,2.8818,1.138601343
1.68E+11,4.1773,3.7906,0.907428243
1.68E+11,2.0451,3.7906,1.853503496
1.69E+11,1.757,4.0152,2.285258964
1.7E+11,3.0615,4.2399,1.384909358
1.71E+11,3.3037,2.1348,0.646184581
1.72E+11,2.2752,3.332,1.464486639
1.73E+11,2.6649,4.5292,1.699575969
1.74E+11,2.135,3.9094,1.831100703
1.75E+11,2.5706,3.2896,1.279701237
1.75E+11,2.4898,3.2896,1.321230621
1.77E+11,4.1879,3.3751,0.805917047
1.78E+11,2.3662,3.9226,1.657763503
1.78E+11,1.7982,3.9226,2.181403626
1.79E+11,2.508,4.054,1.616427432
1.81E+11,3.871,2.2847,0.590209248
1.81E+11,2.0282,2.2847,1.126466818
1.82E+11,2.7911,3.3359,1.19519186
1.83E+11,2.1598,4.3871,2.031252894
1.84E+11,2.1966,3.3469,1.523672949
1.85E+11,2.9267,2.8764,0.982813408
1.86E+11,3.5856,3.4238,0.954875056
1.87E+11,3.211,3.9711,1.236717533
1.88E+11,1.737,3.9879,2.295854922
1.88E+11,1.7765,3.9879,2.244807205
1.88E+11,2.3947,3.9879,1.665302543
1.89E+11,1.9634,4.0047,2.039676072
1.9E+11,2.5906,2.083,0.804060835
1.9E+11,2.069,2.083,1.006766554
1.91E+11,1.7205,2.6912,1.564196455
1.91E+11,1.7475,2.6912,1.540028612
1.92E+11,1.7301,2.7655,1.598462517
1.93E+11,1.8197,2.7966,1.536846733
1.93E+11,1.8855,2.7966,1.483214002
1.94E+11,1.8386,2.7928,1.518981834
1.95E+11,1.738,2.789,1.604718067
1.95E+11,1.8677,2.789,1.493280505
1.96E+11,1.8478,2.8132,1.522459141
1.96E+11,1.2654,2.8132,2.223170539
1.97E+11,1.1935,3.0839,2.583912861
1.97E+11,1.4923,3.0839,2.06654158
1.98E+11,2.0065,3.4003,1.694642412
1.99E+11,2.5304,3.7167,1.468819159
1.99E+11,2.0275,3.7167,1.833144266
2E+11,1.7034,2.786,1.635552425
2E+11,1.7453,2.786,1.596287171
2.01E+11,1.7494,2.7493,1.571567395
2.02E+11,1.7892,2.8039,1.567124972
2.02E+11,1.9162,2.8039,1.46326062
2.03E+11,1.7779,2.7951,1.572135666
2.04E+11,1.7911,2.7994,1.562950142
2.04E+11,1.919,2.7994,1.458780615
2.05E+11,1.6191,2.8037,1.731641035
2.05E+11,1.2743,2.8037,2.200188339
2.06E+11,1.1842,2.9958,2.529809154
2.06E+11,1.837,2.9958,1.630811105
2.07E+11,2.3011,3.3314,1.447742384
2.08E+11,2.3362,3.667,1.56964301
2.09E+11,1.7854,2.7599,1.545816064
2.09E+11,1.6778,2.7599,1.644951722
2.1E+11,1.7448,2.7518,1.577143512
2.1E+11,1.8559,2.7518,1.482730751
2.11E+11,1.7866,2.7673,1.548919736
2.12E+11,1.9194,2.7828,1.449828071
2.12E+11,1.6843,2.7828,1.652199727
2.13E+11,1.9159,2.7828,1.452476643
2.14E+11,1.8662,2.7922,1.496195477
2.14E+11,1.3349,2.7922,2.091692262
2.14E+11,1.2496,2.7922,2.234475032
2.15E+11,1.3294,3.0778,2.31517978
2.16E+11,2.0391,3.3635,1.649502231
2.16E+11,2.5788,3.3635,1.304288817
2.17E+11,2.0343,3.1628,1.554736273
2.18E+11,1.7365,2.8556,1.644457242
2.18E+11,1.7454,2.8556,1.636071961
2.19E+11,1.7326,2.8328,1.634999423
2.2E+11,1.802,2.8099,1.559322974
2.2E+11,1.9028,2.8099,1.47671852
2.21E+11,1.8033,2.7857,1.544779016
2.21E+11,1.7711,2.7857,1.572864322
2.22E+11,1.9174,2.813,1.467090852
2.23E+11,1.6214,2.7973,1.725237449
2.23E+11,1.3207,2.7973,2.118043462
2.24E+11,1.204,3.2319,2.684302326
2.24E+11,1.7193,3.2319,1.879776653
2.25E+11,2.3416,3.6665,1.565809703
2.26E+11,2.2417,2.8587,1.275237543
2.26E+11,1.8785,2.8587,1.521799308
2.27E+11,1.6766,2.8579,1.704580699
2.27E+11,1.7674,2.8579,1.617008034
2.28E+11,1.8045,2.8572,1.583374896
2.29E+11,1.8001,2.8034,1.557357925
2.29E+11,1.9601,2.8034,1.430233151
2.3E+11,1.6811,2.7969,1.66373208
2.31E+11,1.8764,2.8006,1.492538904
2.31E+11,2.0137,2.8006,1.390773204
2.32E+11,1.3096,2.8042,2.141264508
2.32E+11,1.2491,2.8042,2.244976383
2.33E+11,1.1761,3.0652,2.606240966
2.33E+11,1.3146,3.0652,2.33165982
2.33E+11,1.4294,3.0652,2.14439625
2.34E+11,1.5537,3.6446,2.345755294
2.34E+11,1.4345,3.6446,2.540676194
2.35E+11,1.3848,1.9132,1.381571346
2.35E+11,1.5612,1.9132,1.225467589
2.36E+11,1.4234,1.7894,1.257130814
2.36E+11,1.4753,1.7894,1.21290585
2.37E+11,1.4214,1.8761,1.319895877
2.37E+11,1.3835,1.8761,1.356053488
2.38E+11,1.3147,1.8778,1.428310641
2.38E+11,1.3817,1.8778,1.359050445
2.39E+11,1.5503,1.7803,1.148358382
2.39E+11,1.496,1.7803,1.190040107
2.4E+11,1.3765,1.9066,1.385107156
2.4E+11,1.5249,1.9066,1.250311496
2.41E+11,1.4666,1.8025,1.229033138
2.41E+11,1.4413,1.8025,1.250607091
2.42E+11,1.458,1.882,1.290809328
2.42E+11,1.3715,1.882,1.372220197
2.43E+11,1.3406,1.8738,1.397732359
2.43E+11,1.3663,1.8738,1.371441118
2.44E+11,1.5099,1.8074,1.197032916
2.44E+11,1.5435,1.8074,1.170975057
2.45E+11,1.369,1.8928,1.382615047
2.45E+11,1.4934,1.8928,1.267443418
2.46E+11,1.5157,1.8251,1.204130105
2.46E+11,1.3968,1.8251,1.306629439
2.47E+11,1.486,1.8683,1.257267833
2.47E+11,1.3728,1.8683,1.360941142
2.48E+11,1.3356,1.8539,1.388065289
2.48E+11,1.3759,1.8539,1.347408969
2.49E+11,1.4544,1.8382,1.263888889
2.49E+11,1.5478,1.8382,1.18762114
2.5E+11,1.3785,1.8898,1.37091041
2.5E+11,1.4804,1.8898,1.276546879
2.51E+11,1.5294,1.8433,1.205243886
2.51E+11,1.4124,1.8433,1.305083546
2.52E+11,1.4972,1.8863,1.259885119
2.52E+11,1.3858,1.8863,1.361163227
2.53E+11,1.3554,1.838,1.356057252
2.53E+11,1.3503,1.838,1.361178997
2.54E+11,1.4239,1.8475,1.297492801
2.54E+11,1.5802,1.8475,1.169155803
2.55E+11,1.3877,1.7323,1.248324566
2.55E+11,1.4649,1.7323,1.182538057
2.56E+11,1.5295,1.8491,1.208957176
2.56E+11,1.4149,1.8491,1.306876811
2.57E+11,1.4964,1.8903,1.263231756
2.57E+11,1.406,1.8903,1.344452347
2.58E+11,1.3659,1.8431,1.349366718
2.58E+11,1.3149,1.8431,1.401703552
2.58E+11,1.411,1.8431,1.306236712
2.59E+11,1.8856,1.8467,0.979369962
2.59E+11,1.9718,1.8467,0.936555432
2.6E+11,2.4737,1.7261,0.697780652
2.61E+11,2.6937,2.439,0.905446041
2.62E+11,2.6611,2.7958,1.050618165
2.63E+11,2.6931,3.2713,1.214696818
2.64E+11,2.6993,3.2784,1.214537102
2.65E+11,3.1111,3.2854,1.0560252
2.66E+11,3.2932,3.5602,1.081076157
2.67E+11,3.2983,3.9068,1.184488979
2.68E+11,3.3301,4.2533,1.277228912
2.7E+11,3.323,4.2813,1.28838399
2.71E+11,3.3461,4.2816,1.279579212
2.72E+11,3.3249,4.282,1.287858281
2.73E+11,3.3293,4.2875,1.287808248
2.74E+11,3.3139,4.293,1.295452488
2.75E+11,3.3326,4.2884,1.286803097
2.76E+11,2.4954,4.2839,1.716718763
2.77E+11,2.7108,4.0606,1.497934189
2.78E+11,2.6911,3.8374,1.425959645
2.79E+11,2.6716,3.286,1.229974547
2.8E+11,2.7027,3.2848,1.215377215
2.81E+11,3.0247,3.2835,1.085562205
2.82E+11,3.2947,3.4456,1.045800832
2.83E+11,3.3301,3.8387,1.152728146
2.84E+11,3.32,4.2318,1.274638554
2.85E+11,3.3319,4.2518,1.276088718
2.87E+11,3.3312,4.2823,1.285512728
2.88E+11,3.3032,4.2927,1.299558004
2.89E+11,3.2797,4.2843,1.306308504
2.9E+11,3.2852,4.2759,1.301564593
2.91E+11,3.3339,4.2788,1.283421818
2.92E+11,2.6675,4.2816,1.605098407
2.93E+11,2.6813,4.1401,1.544064446
2.94E+11,2.6943,3.9985,1.484058939
2.95E+11,2.6846,3.2616,1.214929598
2.96E+11,2.6999,3.267,1.210044816
2.97E+11,2.8782,3.2723,1.136925856
2.98E+11,3.2696,3.3886,1.036395889
2.99E+11,3.2771,3.8176,1.16493241
3E+11,3.3152,4.2467,1.280978523
3.01E+11,3.3203,4.2595,1.282866006
3.02E+11,3.3044,4.2723,1.29291248
3.03E+11,3.3245,4.2815,1.287862837
3.05E+11,3.3031,4.2971,1.30092943
3.06E+11,3.3064,4.3035,1.301566659
3.07E+11,3.3324,4.2902,1.287420478
308000000000,2.8538,4.2769,1.498668442
3.09E+11,2.6601,4.1708,1.567910981
3.1E+11,2.6913,4.0648,1.510348159
3.11E+11,2.6815,3.2604,1.215886631
3.12E+11,2.72,3.2632,1.199705882
3.13E+11,2.7848,3.266,1.172795174
3.14E+11,3.26,3.2899,1.009171779
3.15E+11,3.2871,3.7506,1.14100575
3.16E+11,3.2791,4.2113,1.284285322
3.17E+11,3.3357,4.2391,1.270827712
3.18E+11,3.3391,4.2669,1.277859303
3.19E+11,3.2886,4.2687,1.298029557
3.2E+11,3.3345,4.2705,1.280701754
3.22E+11,3.2511,4.2802,1.316539018
3.23E+11,3.26,4.282,1.313496933
3.24E+11,3.1711,4.2838,1.350887705
3.25E+11,2.4971,4.223,1.691161748
3.26E+11,2.7052,4.1621,1.538555375
3.26E+11,2.6826,4.1621,1.551517185
3.27E+11,2.7058,3.2508,1.201419174
3.28E+11,2.7027,3.2614,1.206719207
3.29E+11,3.1698,3.272,1.032241782
3.31E+11,3.277,3.698,1.128471163
3.32E+11,3.3059,4.1127,1.244048519
3.33E+11,3.2975,4.1907,1.270871873
3.34E+11,3.3409,4.2688,1.277739531
3.35E+11,3.3308,4.2765,1.283925784
3.36E+11,3.3409,4.2842,1.282349068
3.37E+11,3.288,4.2832,1.302676399
3.38E+11,3.3122,4.2823,1.292886903
3.4E+11,3.3615,4.2778,1.272586643
3.4E+11,2.1202,4.2778,2.017639845
3.4E+11,2.2,4.2778,1.944454545
3.41E+11,2.3018,4.2836,1.860978365
3.42E+11,1.2464,4.2894,3.441431322
3.42E+11,0.9708,4.2894,4.4184178
3.42E+11,0.9831,4.2894,4.363137016
3.43E+11,1.0136,2.6947,2.658543804
3.43E+11,1.8392,2.6947,1.46514789
3.44E+11,1.6911,2.7454,1.623440364
3.44E+11,0.9521,2.7454,2.883520639
3.45E+11,0.9503,2.6257,2.763022204
3.45E+11,0.9518,2.6257,2.758667787
3.45E+11,0.9598,2.6257,2.735674099
3.46E+11,0.9607,2.6723,2.781617571
3.46E+11,0.9652,2.6723,2.768648985
3.46E+11,0.9663,2.6723,2.765497258
3.47E+11,1.6136,2.719,1.685052058
3.48E+11,2.0082,2.7102,1.349566776
3.48E+11,1.9756,2.7102,1.371836404
3.49E+11,2.0128,2.2535,1.119584658
3.5E+11,2.149,2.1339,0.992973476
3.5E+11,2.1701,2.1339,0.983318741
3.51E+11,1.3461,2.147,1.594978085
3.51E+11,0.9622,2.147,2.231344835
3.52E+11,0.9646,2.4932,2.584698321
3.52E+11,0.9609,2.4932,2.594650848
3.52E+11,0.9724,2.4932,2.563965446
3.53E+11,0.9877,2.7637,2.798116837
3.53E+11,1.2415,2.7637,2.226097463
3.54E+11,2.0141,2.7565,1.36860136
3.55E+11,2.4748,2.7493,1.110918054
3.55E+11,2.5324,2.7493,1.085649976
3.56E+11,2.5359,2.1833,0.860956662
3.57E+11,2.4596,3.1489,1.280248821
3.58E+11,2.558,3.2446,1.268412823
3.59E+11,2.4726,3.245,1.312383726
3.6E+11,2.5755,3.2455,1.260143661
3.61E+11,2.5282,3.2785,1.296772407
3.62E+11,2.557,3.2627,1.275987485
3.62E+11,2.2732,3.2627,1.43528946
3.63E+11,2.3233,3.2469,1.397537985
3.64E+11,1.0697,2.8619,2.675423016
3.64E+11,0.9914,2.8619,2.886725842
3.64E+11,1.0149,2.8619,2.819883732
3.65E+11,1.0365,2.8204,2.72108056
3.65E+11,2.1055,2.8204,1.339539302
3.66E+11,1.4203,2.7788,1.956488066
3.66E+11,0.9665,2.7788,2.875116399
3.67E+11,0.9666,2.6878,2.780674529
3.67E+11,0.9638,2.6878,2.788752853
3.67E+11,0.9786,2.6878,2.746576742
3.68E+11,0.9742,2.6614,2.73188257
3.68E+11,0.9832,2.6614,2.706875509
3.68E+11,0.978,2.6614,2.721267894
3.69E+11,1.9783,2.7039,1.366779558
3.7E+11,2.0139,2.5266,1.254580664
3.7E+11,1.9807,2.5266,1.275609633
3.71E+11,2.0181,2.1543,1.067489223
3.72E+11,2.1786,2.1249,0.975351143
3.73E+11,1.9926,2.2781,1.143280137
3.73E+11,1.1278,2.2781,2.019950346
3.73E+11,0.9778,2.2781,2.329822049
3.74E+11,0.9752,2.4982,2.561730927
3.74E+11,0.9861,2.4982,2.533414461
3.74E+11,0.9837,2.4982,2.539595405
3.75E+11,1.0208,2.7183,2.662911442
3.75E+11,1.7285,2.7183,1.572635233
3.76E+11,2.1877,2.7069,1.237326873
3.77E+11,2.5345,2.4466,0.965318603
3.78E+11,2.4913,2.7255,1.094007145
3.79E+11,2.5864,2.9887,1.155544386
3.8E+11,2.5112,3.2519,1.294958586
3.8E+11,2.5578,3.2519,1.271366018
3.81E+11,2.5446,3.2742,1.286724829
3.82E+11,2.4874,3.2385,1.301961888
3.83E+11,2.5271,3.2027,1.267342013
3.84E+11,2.4684,3.2902,1.332928213
3.85E+11,2.2557,3.2331,1.433302301
3.85E+11,1.7331,3.2331,1.865501125
3.86E+11,0.9922,3.176,3.200967547
3.86E+11,0.9986,3.176,3.180452634
3.86E+11,1.0596,3.176,2.997357493
3.87E+11,1.5191,2.6653,1.754525706
3.88E+11,2.0175,2.7282,1.352267658
3.88E+11,0.9674,2.7282,2.820136448
3.88E+11,0.9644,2.7282,2.828909166
3.89E+11,0.9712,2.6283,2.706239703
3.89E+11,0.9693,2.6283,2.711544413
3.89E+11,0.9731,2.6283,2.700955709
3.9E+11,0.9831,2.6674,2.713253992
3.9E+11,0.9913,2.6674,2.690810047
3.9E+11,1.4626,2.6674,1.823738548
3.91E+11,1.9906,2.7064,1.359590073
3.92E+11,1.9928,2.7227,1.366268567
3.93E+11,2.014,2.1488,1.06693148
3.93E+11,2.113,2.1488,1.016942735
3.94E+11,2.1749,2.1359,0.982068141
3.95E+11,1.5345,2.1584,1.406581949
3.95E+11,0.9741,2.1584,2.215788933
3.95E+11,0.9784,2.1584,2.206050695
3.96E+11,0.9775,2.5771,2.636419437
3.96E+11,0.9844,2.5771,2.617939862
3.96E+11,1.0097,2.5771,2.55234228
3.97E+11,1.2423,2.7685,2.228527731
3.97E+11,2.0124,2.7685,1.375720533
3.98E+11,2.4805,2.685,1.082443056
3.99E+11,2.5387,2.2989,0.905542207
4E+11,2.4885,2.7704,1.113281093
4.01E+11,2.5089,3.2419,1.292159911
4.02E+11,2.4882,3.1736,1.275460172
4.03E+11,2.5534,3.2586,1.276180779
4.03E+11,2.5331,3.2586,1.286407959
4.04E+11,2.5557,3.3436,1.30829127
4.05E+11,2.5455,3.1643,1.243095659
4.06E+11,2.2899,3.241,1.415345648
4.07E+11,2.3002,3.3178,1.442396313
4.07E+11,1.2459,3.3178,2.662974557
4.08E+11,0.9917,2.729,2.751840274
4.08E+11,1.007,2.729,2.710029791
4.08E+11,1.0366,2.729,2.632645186
4.09E+11,1.9723,2.7584,1.398570197
4.1E+11,1.5623,2.7141,1.737246368
4.1E+11,0.967,2.7141,2.80672182
4.1E+11,0.9637,2.7141,2.816332884
4.11E+11,0.9651,2.6698,2.766345456
4.11E+11,0.9772,2.6698,2.732091691
4.11E+11,0.9731,2.6698,2.743602919
4.12E+11,0.9834,2.6846,2.729916616
4.12E+11,0.9808,2.6846,2.737153344
4.13E+11,1.8661,2.7094,1.451905043
4.13E+11,2.0284,2.7094,1.335732597
4.14E+11,1.9744,2.4111,1.221181118
4.15E+11,2.0132,2.1476,1.066759388
4.15E+11,2.1779,2.1476,0.986087515
4.16E+11,2.1164,2.1255,1.004299754
4.17E+11,1.1265,2.3762,2.109365291
4.17E+11,0.9787,2.3762,2.427914581
4.17E+11,0.9769,2.3762,2.432388167
4.18E+11,0.978,2.5608,2.618404908
4.18E+11,0.9868,2.5608,2.595054722
4.18E+11,1.031,2.5608,2.483802134
4.19E+11,1.6155,2.7454,1.699411947
4.2E+11,2.1607,2.7196,1.258666173
4.2E+11,2.4589,2.7196,1.106023018
4.21E+11,2.5723,2.3306,0.906037398
4.22E+11,2.5222,2.8929,1.146974863
4.23E+11,2.5527,3.0975,1.213421084
4.24E+11,2.5438,3.302,1.298058023
4.25E+11,2.4839,3.2073,1.291235557
4.26E+11,2.5205,3.2016,1.270224162
4.27E+11,2.4977,3.1958,1.279497137
4.27E+11,2.5411,3.1958,1.257644327
4.28E+11,2.2598,3.2624,1.443667581
4.29E+11,1.9047,3.0923,1.623510264
4.29E+11,0.9946,3.0923,3.109089081
4.3E+11,0.986,2.9021,2.943306288
4.3E+11,1.0554,2.9021,2.749763123
4.3E+11,1.389,2.9021,2.089344852
4.31E+11,2.175,2.712,1.246896552
4.32E+11,0.968,2.7205,2.810433884
4.32E+11,0.9646,2.7205,2.820340037
4.32E+11,0.9695,2.7205,2.806085611
4.33E+11,0.9695,2.6188,2.701186178
4.33E+11,0.9698,2.6188,2.700350588
4.33E+11,0.9813,2.6188,2.668704779
4.34E+11,0.9897,2.7089,2.737092048
4.34E+11,1.342,2.7089,2.018554396
4.35E+11,1.9885,2.7024,1.359014332
4.35E+11,1.9991,2.7024,1.351808314
4.36E+11,2.0174,2.6958,1.336274413
4.37E+11,2.0574,2.1057,1.023476232
4.38E+11,2.1963,2.1445,0.97641488
4.38E+11,1.693,2.1445,1.266686356
4.39E+11,0.9745,2.1698,2.226577732
4.39E+11,0.9774,2.1698,2.219971353
4.39E+11,0.9783,2.1698,2.217929061
4.4E+11,0.9835,2.6387,2.682968988
4.4E+11,1.0049,2.6387,2.625833416
4.4E+11,1.1194,2.6387,2.357244953
4.41E+11,2.0064,2.7455,1.368371212
4.42E+11,2.4275,2.6173,1.078187436
4.43E+11,2.552,2.3882,0.935815047
4.44E+11,2.4534,2.8144,1.147142741
4.44E+11,2.5628,2.8144,1.098173872
4.45E+11,2.4586,3.2406,1.318067193
4.46E+11,2.5743,3.2451,1.26057569
4.47E+11,2.5297,3.2498,1.28465826
4.48E+11,2.5562,3.2546,1.273218058
4.49E+11,2.5398,3.17,1.248129774
4.49E+11,2.3624,3.17,1.34185574
4.5E+11,1.7518,3.2614,1.861742208
4.5E+11,2.4149,3.2614,1.350532113
4.51E+11,1.3354,3.3529,2.510783286
4.51E+11,1.2162,3.3529,2.756865647
4.52E+11,1.2464,3.1081,2.493661746
4.52E+11,1.2278,3.1081,2.531438345
4.52E+11,1.1703,3.1081,2.655814748
4.53E+11,1.1054,3.7246,3.369459019
4.53E+11,1.0712,3.7246,3.477035101
4.54E+11,2.5078,3.6514,1.456017226
4.55E+11,1.5172,3.5781,2.358357501
4.55E+11,1.1834,3.5781,3.023576137
4.55E+11,1.2563,3.5781,2.848125448
4.56E+11,1.2095,3.7908,3.134187681
4.56E+11,1.1602,3.7908,3.267367695
4.57E+11,1.1048,4.0036,3.623823316
4.57E+11,1.4609,4.0036,2.74050243
4.58E+11,2.258,3.6384,1.611337467
4.58E+11,1.258,3.6384,2.892209857
4.59E+11,1.263,3.7436,2.96405384
4.59E+11,1.2835,3.7436,2.916712115
4.6E+11,1.1977,3.8489,3.213576021
4.6E+11,1.1335,3.8489,3.395588884
4.6E+11,1.0846,3.8489,3.548681542
4.61E+11,1.9715,3.7646,1.909510525
4.62E+11,1.7699,3.6803,2.079383016
4.62E+11,1.4171,3.6803,2.597064427
4.63E+11,1.1856,3.8611,3.256663293
4.63E+11,1.2143,3.8611,3.179692004
4.63E+11,1.1974,3.8611,3.224569901
4.64E+11,1.114,3.7621,3.377109515
4.64E+11,1.0656,3.7621,3.530499249
4.65E+11,2.2938,3.6631,1.596957015
4.66E+11,1.6122,3.7537,2.328309143
4.66E+11,1.252,3.7537,2.998162939
4.66E+11,1.2359,3.7537,3.03721984
4.67E+11,1.2267,3.8443,3.133855058
4.67E+11,1.1603,3.8443,3.313194863
4.68E+11,1.1057,3.7478,3.389526996
4.68E+11,1.3203,3.7478,2.838597288
4.68E+11,3.1851,3.7478,1.176666353
4.69E+11,1.6873,3.6514,2.164049072
4.69E+11,1.2637,3.6514,2.88945161
4.7E+11,1.976,3.6322,1.838157895
4.7E+11,1.4798,3.6322,2.454520881
4.71E+11,1.9306,2.8701,1.486636279
4.71E+11,1.4019,2.8701,2.04729296
4.72E+11,2.0704,3.046,1.471213292
4.73E+11,1.272,3.222,2.533018868
4.73E+11,2.0664,3.222,1.559233449
4.74E+11,1.4658,3.2141,2.192727521
4.74E+11,1.8783,3.2141,1.711174999
4.75E+11,1.5546,3.1459,2.023607359
4.76E+11,1.7843,3.2038,1.795550076
4.76E+11,1.6356,3.2038,1.958791881
4.77E+11,1.7053,3.2616,1.912625345
4.77E+11,1.7247,3.2616,1.891111498
4.78E+11,1.6067,3.2424,2.018049418
4.79E+11,1.7976,3.1966,1.778259902
4.79E+11,1.5398,3.1966,2.075983894
4.8E+11,1.8901,3.1509,1.667054653
4.8E+11,1.4429,3.1509,2.183727216
4.81E+11,2.0721,3.2653,1.575840934
4.81E+11,1.2609,3.2653,2.589658181
4.82E+11,2.0602,3.2502,1.577613824
4.83E+11,1.4464,3.2351,2.236656527
4.83E+11,1.8864,3.2351,1.714959712
4.84E+11,1.5537,3.1423,2.022462509
4.84E+11,1.7758,3.1423,1.769512332
4.85E+11,1.6353,3.2007,1.957255549
4.86E+11,1.6962,3.2592,1.921471525
4.86E+11,1.732,3.2592,1.881755196
4.87E+11,1.6012,3.2282,2.016112915
4.87E+11,1.8188,3.2282,1.774906532
4.88E+11,1.5156,3.1909,2.10537081
4.89E+11,1.9179,3.1535,1.644246311
4.89E+11,1.4152,3.1535,2.228306953
4.9E+11,2.0581,3.2634,1.585637238
4.9E+11,1.2739,3.2634,2.56173954
4.91E+11,2.0594,3.2458,1.576090123
4.91E+11,1.4864,3.2458,2.183665231
4.92E+11,1.8488,3.2283,1.746159671
4.93E+11,1.5794,3.1461,1.991958972
4.93E+11,1.7494,3.1461,1.798388019
4.94E+11,1.6642,3.201,1.923446701
4.94E+11,1.6681,3.201,1.918949703
4.95E+11,1.7501,3.256,1.860465116
4.96E+11,1.5831,3.2516,2.053944792
4.96E+11,1.841,3.2516,1.766214014
4.97E+11,1.4925,3.1387,2.102981575
4.97E+11,1.965,3.1387,1.597302799
4.98E+11,1.3619,3.2003,2.349878846
4.99E+11,2.056,3.2619,1.586527237
4.99E+11,1.2748,3.2619,2.558754314
5E+11,2.0602,3.2381,1.571740608
5E+11,1.5073,3.2381,2.148278379
5.01E+11,1.8256,3.1936,1.749342682
5.02E+11,1.5962,3.1492,1.972935722
5.02E+11,1.7284,3.1492,1.822031937
5.03E+11,1.6787,3.2557,1.939417406
5.03E+11,1.6558,3.2557,1.966239884
5.04E+11,1.7609,3.2372,1.838378102
5.04E+11,1.5732,3.2372,2.057716756
5.05E+11,1.8516,3.2188,1.738388421
5.06E+11,1.4764,3.1473,2.131739366
5.06E+11,1.9787,3.1473,1.590589781
5.07E+11,1.3508,3.2076,2.374592834
5.07E+11,2.0573,3.2076,1.5591309
5.08E+11,1.3032,3.2679,2.507596685
5.09E+11,2.0249,3.2383,1.599239469
5.09E+11,1.5164,3.2383,2.135518333
5.1E+11,1.8165,3.1926,1.757555739
5.1E+11,1.6034,3.1926,1.991143819
5.11E+11,1.7259,3.147,1.823396489
5.12E+11,1.6815,3.2585,1.937853107
5.12E+11,1.6484,3.2585,1.976765348
5.13E+11,1.7782,3.2465,1.825722641
5.13E+11,1.552,3.2465,2.09181701
5.14E+11,1.8604,3.2345,1.738604601
5.14E+11,1.4713,3.2345,2.198395976
5.15E+11,1.9875,3.1449,1.582339623
5.16E+11,1.3431,3.1948,2.378676197
5.16E+11,2.0544,3.1948,1.555101246
5.17E+11,1.3258,3.2446,2.447277116
5.17E+11,1.9967,3.2446,1.624981219
5.18E+11,1.5202,3.2171,2.116234706
5.19E+11,1.8143,3.178,1.751639751
5.19E+11,1.6072,3.178,1.977351916
5.2E+11,1.7145,3.1389,1.83079615
5.2E+11,1.6828,3.1389,1.86528405
5.21E+11,1.6477,3.2529,1.97420647
5.22E+11,1.7804,3.2233,1.810435857
5.22E+11,1.554,3.2233,2.074195624
5.23E+11,1.8683,3.1854,1.704972435
5.23E+11,1.4632,3.1854,2.177009295
5.24E+11,2.014,3.1474,1.562760675
5.24E+11,2.3321,3.1474,1.349599074
5.24E+11,1.6795,3.1474,1.874010122
5.25E+11,1.7039,3.2525,1.908856154
5.25E+11,1.8143,3.2525,1.79270242
5.26E+11,2.5031,3.462,1.383084975
5.26E+11,2.2856,3.462,1.514700735
5.27E+11,2.8753,2.7757,0.965360136
5.28E+11,2.1256,3.3552,1.578471961
5.28E+11,0.9318,3.3552,3.600772698
5.29E+11,1.8734,3.7129,1.981904559
5.3E+11,2.4945,1.8649,0.74760473
5.31E+11,1.6272,1.6689,1.025626844
5.31E+11,0.6127,1.6689,2.723845275
5.31E+11,0.7957,1.6689,2.097398517
5.32E+11,2.14,2.4796,1.158691589
5.33E+11,2.8842,1.5086,0.523056653
5.34E+11,2.4709,3.3919,1.372738678
5.34E+11,1.0204,3.3919,3.324088593
5.34E+11,1.4369,3.3919,2.360567889
5.35E+11,2.5694,2.9315,1.140927843
5.36E+11,1.8756,0.9576,0.510556622
5.36E+11,0.6135,0.9576,1.560880196
5.36E+11,0.803,0.9576,1.19252802
5.37E+11,2.1381,2.7212,1.272718769
5.38E+11,2.8843,1.7766,0.615955344
5.39E+11,2.4559,2.7461,1.11816442
5.39E+11,1.0179,2.7461,2.697809215
5.4E+11,1.4521,3.1444,2.165415605
5.41E+11,2.5625,3.5427,1.382517073
5.41E+11,1.8652,3.5427,1.89936736
5.42E+11,0.6146,2.3051,3.750569476
5.42E+11,0.8164,2.3051,2.823493386
5.43E+11,2.1355,2.1001,0.983423086
5.44E+11,2.8931,2.2923,0.792333483
5.45E+11,2.4427,2.9761,1.218364924
5.45E+11,1.0153,2.9761,2.931251847
5.45E+11,1.4667,2.9761,2.029112975
5.46E+11,2.5666,3.6599,1.425972103
5.47E+11,1.8428,1.4875,0.807195572
5.47E+11,0.6146,1.4875,2.420273349
5.48E+11,0.8447,1.9678,2.329584468
5.48E+11,2.1397,1.9678,0.919661635
5.49E+11,2.8987,2.335,0.805533515
5.5E+11,2.4166,1.8789,0.77749731
5.5E+11,1.0106,1.8789,1.859192559
5.51E+11,1.5033,3.6918,2.455797246
5.52E+11,2.5488,1.9394,0.760907094
5.53E+11,1.8182,1.6529,0.909085909
5.53E+11,0.6146,1.6529,2.689391474
5.53E+11,0.6143,1.6529,2.690704867
5.53E+11,2.285,1.6529,0.723369803
5.54E+11,2.9627,2.4804,0.837209302
5.55E+11,2.6967,1.4494,0.537471725
5.56E+11,2.2166,3.7536,1.693404313
5.57E+11,2.0956,4.2504,2.028249666
5.57E+11,2.1119,4.2504,2.012595293
5.58E+11,2.0452,2.8049,1.371455114
5.59E+11,1.9593,2.7587,1.408002858
5.59E+11,1.9734,2.7587,1.397942637
5.6E+11,1.9812,2.4789,1.251211387
5.61E+11,1.9894,2.511,1.262189605
5.61E+11,1.9807,2.511,1.26773363
5.62E+11,1.9797,2.5431,1.284588574
5.63E+11,1.9832,2.5638,1.292759177
5.63E+11,1.7123,2.5638,1.497284354
5.64E+11,1.4338,2.5525,1.780234342
5.64E+11,1.6143,2.5525,1.581180698
5.65E+11,1.5983,2.7054,1.692673466
5.66E+11,1.68,1.5889,0.94577381
5.66E+11,1.6417,1.5889,0.967838216
5.67E+11,1.6632,2.0055,1.205808081
5.67E+11,1.7122,2.0055,1.171300082
5.68E+11,1.6099,2.0729,1.287595503
5.68E+11,1.6612,2.0729,1.247832892
5.69E+11,1.7442,2.084,1.194817108
5.7E+11,1.5723,2.0695,1.316224639
5.7E+11,1.6775,2.0695,1.233681073
5.71E+11,1.7204,2.0838,1.211229947
5.71E+11,1.5876,2.0838,1.312547241
5.72E+11,1.6905,2.0665,1.222419403
5.72E+11,1.636,2.0665,1.263141809
5.73E+11,1.6672,2.1222,1.272912668
5.74E+11,1.7099,2.1237,1.242002456
5.74E+11,1.6114,2.1237,1.317922304
5.75E+11,2.0861,2.0708,0.99266574
5.76E+11,2.1463,2.0566,0.958207147
5.76E+11,2.1156,2.0566,0.97211193
5.77E+11,2.1589,2.4418,1.131038955
5.78E+11,1.8957,2.8269,1.491216965
5.78E+11,1.971,2.8269,1.434246575
5.79E+11,1.9812,2.7557,1.390924692
5.8E+11,1.9736,2.4789,1.256029591
5.81E+11,1.9778,2.5477,1.288148448
5.81E+11,1.9833,2.5477,1.284576211
5.82E+11,1.9896,2.568,1.290711701
5.83E+11,2.2202,2.5508,1.148905504
5.83E+11,1.1147,2.5508,2.288328698
5.84E+11,1.5259,2.5994,1.703519235
5.84E+11,1.6303,2.5994,1.594430473
5.85E+11,1.7384,2.6481,1.523297285
5.85E+11,1.5644,2.6481,1.692725646
5.86E+11,1.6774,2.0215,1.205138905
5.87E+11,1.6899,2.0663,1.222735073
5.87E+11,1.614,2.0663,1.28023544
5.88E+11,1.6905,2.0799,1.230346051
5.88E+11,1.6311,2.0799,1.275151738
5.89E+11,1.6691,2.0788,1.245461626
5.89E+11,1.709,2.0788,1.21638385
5.9E+11,1.6072,2.079,1.293554007
5.91E+11,1.6718,2.0889,1.249491566
5.91E+11,1.7497,2.0889,1.193861805
5.92E+11,1.5729,2.0631,1.311653633
5.92E+11,1.6772,2.0631,1.230085857
5.93E+11,1.7195,2.136,1.242221576
5.93E+11,1.5885,2.136,1.344664778
5.94E+11,1.9173,2.1245,1.108068638
5.95E+11,2.1845,2.048,0.937514305
5.96E+11,2.106,2.0851,0.990075973
5.96E+11,2.1076,2.0851,0.98932435
5.97E+11,1.9936,2.8205,1.414777287
5.98E+11,1.9647,2.7576,1.403573065
5.98E+11,1.9903,2.7576,1.385519771
5.99E+11,1.9701,2.4485,1.242830313
6E+11,1.978,2.4973,1.262537917
6E+11,1.98,2.4973,1.261262626
6.01E+11,2.0004,2.546,1.272745451
6.02E+11,2.0071,2.5668,1.278860047
6.02E+11,1.4467,2.5668,1.774244833
6.03E+11,1.5679,2.558,1.6314816
6.03E+11,1.631,2.558,1.568362968
6.04E+11,1.6063,2.3885,1.486957604
6.05E+11,1.6557,1.7862,1.078818627
6.05E+11,1.7398,1.7862,1.026669732
6.06E+11,1.5674,2.0309,1.295712645
6.06E+11,1.6799,2.0309,1.208941008
6.07E+11,1.7046,2.0709,1.214889124
6.07E+11,1.6003,2.0709,1.294069862
6.08E+11,1.6939,2.0777,1.22657772
6.09E+11,1.6393,2.073,1.264564143
6.09E+11,1.6676,2.073,1.243103862
6.1E+11,1.7121,2.1151,1.235383447
6.1E+11,1.618,2.1151,1.30723115
6.11E+11,1.6669,2.126,1.275421441
6.12E+11,1.7389,2.0663,1.188279947
6.12E+11,1.5831,2.0663,1.305223928
6.13E+11,1.6771,2.0538,1.224613917
6.13E+11,1.6478,2.0538,1.246389125
6.14E+11,2.261,2.0566,0.909597523
6.15E+11,2.1134,2.222,1.051386392
6.16E+11,2.1116,2.508,1.187724948
6.16E+11,2.069,2.508,1.212179797
6.17E+11,1.9395,2.7939,1.440525909
6.18E+11,1.9729,2.8044,1.421460794
6.18E+11,1.9846,2.8044,1.413080722
6.19E+11,1.9873,2.3873,1.201278116
6.2E+11,1.9773,2.5548,1.292064937
6.2E+11,1.976,2.5548,1.29291498
6.21E+11,1.9955,2.557,1.281383112
6.22E+11,1.9499,2.5619,1.313862249
6.22E+11,1.2935,2.5619,1.980595284
6.23E+11,1.5492,2.2015,1.421056029
6.23E+11,1.6448,2.2015,1.338460603
6.24E+11,1.6968,1.9114,1.126473362
6.24E+11,1.6115,1.9114,1.186099907
6.25E+11,1.6597,2.0402,1.2292583
6.26E+11,1.7385,2.065,1.18780558
6.26E+11,1.5749,2.065,1.311194362
6.27E+11,1.6743,2.082,1.243504748
6.27E+11,1.7175,2.082,1.212227074
6.28E+11,1.5945,2.1176,1.328065224
6.28E+11,1.685,2.1176,1.256735905
6.29E+11,1.6406,2.129,1.297695965
6.3E+11,1.6702,2.0391,1.220871752
6.3E+11,1.7083,2.0391,1.193642803
6.31E+11,1.6187,2.0581,1.2714524
6.31E+11,1.6641,2.0581,1.236764618
6.32E+11,1.7346,2.0684,1.192436297
6.32E+11,1.5826,2.0684,1.306963225
6.33E+11,2.0105,2.0636,1.02641134
6.34E+11,2.1642,2.0778,0.960077627
6.35E+11,2.1021,2.3332,1.109937681
6.35E+11,2.111,2.3332,1.105258171
6.36E+11,1.9857,2.7763,1.398146749
6.37E+11,1.9741,2.7008,1.368117117
6.37E+11,1.9868,2.7008,1.359371854
6.38E+11,1.9845,2.5874,1.303804485
6.39E+11,1.9998,2.4741,1.237173717
6.4E+11,1.9768,2.5462,1.288041279
6.4E+11,1.9792,2.5462,1.286479386
6.41E+11,2.2896,2.5609,1.118492313
6.41E+11,1.1797,2.5609,2.170806137
6.42E+11,1.4815,2.5559,1.725210935
6.42E+11,1.6179,2.5559,1.579763891
6.43E+11,1.635,2.1093,1.290091743
6.44E+11,1.6549,1.9708,1.190887667
6.44E+11,1.6992,1.9708,1.159839925
6.45E+11,1.6069,2.0534,1.277864211
6.45E+11,1.6629,2.0534,1.234830717
6.46E+11,1.7329,2.0891,1.205551388
6.46E+11,1.5907,2.0891,1.313321179
6.47E+11,1.675,2.0938,1.250029851
6.48E+11,1.7405,2.1239,1.220281528
6.48E+11,1.5718,2.1239,1.35125334
6.49E+11,1.6886,2.0623,1.221307592
6.49E+11,1.6569,2.0623,1.244673788
6.5E+11,1.6528,2.0586,1.245522749
6.51E+11,1.7014,2.0644,1.213353709
6.51E+11,1.6241,2.0644,1.271103996
6.52E+11,1.6698,2.064,1.236076177
6.52E+11,1.6473,2.064,1.252959388
6.52E+11,1.6794,2.064,1.229010361
6.53E+11,1.6306,2.0703,1.269655342
6.53E+11,1.6442,2.0703,1.259153388
6.54E+11,1.6598,2.0895,1.258886613
6.54E+11,1.5792,2.0895,1.323138298
6.55E+11,1.7584,2.943,1.673680619
6.55E+11,1.8007,2.943,1.634364414
6.57E+11,3.6297,2.0299,0.559247321
6.58E+11,3.6896,3.1806,0.862044666
6.59E+11,3.6921,4.3314,1.17315349
6.6E+11,3.6929,4.4389,1.202009261
6.61E+11,2.5397,4.5464,1.790132693
6.62E+11,1.5446,4.446,2.878415124
6.62E+11,1.41,4.446,3.153191489
6.63E+11,1.4108,4.3456,3.080238163
6.63E+11,1.4053,4.3456,3.09229346
6.64E+11,1.4081,2.3353,1.658475961
6.64E+11,1.4092,2.3353,1.65718138
6.65E+11,1.4605,2.5723,1.761246149
6.65E+11,1.6465,2.5723,1.562283632
6.66E+11,1.658,2.5863,1.559891435
6.66E+11,1.6302,2.5863,1.586492455
6.67E+11,1.6257,2.886,1.775235283
6.68E+11,2.0097,2.617,1.302184406
6.69E+11,2.6129,2.3481,0.898656665
6.7E+11,3.6946,2.0709,0.56052076
6.71E+11,3.693,3.5871,0.971324127
6.72E+11,3.6962,4.0678,1.100535685
6.74E+11,3.2013,4.5458,1.419985631
6.74E+11,1.6431,4.5458,2.76659972
6.75E+11,1.4031,4.5433,3.23804433
6.75E+11,1.3989,4.5433,3.247766102
6.76E+11,1.3988,2.3346,1.669002002
6.76E+11,1.4028,2.3346,1.664242943
6.77E+11,1.4013,2.5699,1.833939913
6.77E+11,1.4017,2.5699,1.833416566
6.78E+11,1.638,2.5777,1.573687424
6.78E+11,1.6617,2.5777,1.551242703
6.79E+11,1.6664,2.5855,1.551548248
6.79E+11,1.5586,2.5855,1.658860516
6.8E+11,1.8726,2.8941,1.545498238
6.81E+11,1.8916,2.3202,1.226580672
6.82E+11,3.695,2.0744,0.561407307
6.83E+11,3.6896,2.8465,0.771492845
6.84E+11,3.6898,3.6187,0.980730663
6.86E+11,3.6913,4.5391,1.229675182
6.86E+11,2.0743,4.5391,2.188256279
6.87E+11,1.4107,4.5392,3.217693344
6.87E+11,1.4072,4.5392,3.225696418
6.88E+11,1.4046,4.5393,3.231738573
6.88E+11,1.4039,4.5393,3.233349954
6.89E+11,1.4026,2.3013,1.640738628
6.89E+11,1.4035,2.3013,1.639686498
6.9E+11,1.5418,2.5802,1.673498508
6.9E+11,1.6533,2.5802,1.560636303
6.91E+11,1.6775,2.5743,1.534605067
6.92E+11,1.594,2.9041,1.821894605
6.92E+11,1.7742,2.9041,1.636850411
6.93E+11,1.623,2.305,1.420209489
6.94E+11,3.6237,2.0894,0.576592985
6.95E+11,3.6893,2.8826,0.781340634
6.97E+11,3.6886,4.1102,1.114298108
6.98E+11,3.6958,4.5446,1.229666107
6.99E+11,2.5595,4.5421,1.774604415
6.99E+11,1.4915,4.5421,3.0453235
7E+11,1.401,4.5397,3.240328337
7E+11,1.4008,4.5397,3.240790977
7.01E+11,1.4024,2.2642,1.614517969
7.01E+11,1.4041,2.2642,1.612563208
7.02E+11,1.4028,2.5773,1.837254063
7.02E+11,1.4835,2.5773,1.737310415
7.03E+11,1.6471,2.5788,1.565660858
7.03E+11,1.6619,2.5788,1.551717913
7.04E+11,1.6212,2.5802,1.591537133
7.04E+11,1.6172,2.5802,1.595473658
7.05E+11,2.0099,2.914,1.449823374
7.06E+11,2.7886,2.2856,0.81962275
7.07E+11,3.6907,2.0967,0.568103612
7.09E+11,3.69,4.0398,1.094796748
7.1E+11,3.689,4.529,1.227703985
7.11E+11,2.9369,4.531,1.542783207
7.12E+11,1.7221,4.533,2.632251321
7.12E+11,1.4055,4.533,3.225186766
7.13E+11,1.406,4.535,3.225462304
7.13E+11,1.4017,4.535,3.235357066
7.13E+11,1.4023,4.535,3.233972759
7.14E+11,1.4062,2.361,1.678993031
7.14E+11,1.3993,2.361,1.687272208
7.14E+11,0.2538,2.361,9.302600473
7.15E+11,1.4336,2.5727,1.794573103
7.15E+11,1.6524,2.5727,1.55694747
7.16E+11,1.9779,2.5838,1.306335002
7.16E+11,1.7498,2.5838,1.4766259
7.17E+11,1.4702,2.6744,1.819072235
7.17E+11,1.5307,2.6744,1.747174495
7.18E+11,1.8411,2.012,1.092824942
7.18E+11,1.8,2.012,1.117777778
7.19E+11,1.7175,2.3263,1.354468705
7.19E+11,1.1967,2.3263,1.943929138
7.2E+11,1.1497,2.7837,2.421240324
7.2E+11,0.8894,2.7837,3.129862829
7.2E+11,0.9584,2.7837,2.904528381
7.21E+11,2.3893,2.7316,1.143263717
7.21E+11,1.146,2.7316,2.383595113
7.22E+11,1.2329,2.1848,1.772082083
7.22E+11,0.49,2.1848,4.45877551
7.22E+11,0.7545,2.1848,2.895692512
7.23E+11,1.0165,3.2911,3.237678308
7.23E+11,1.231,3.2911,2.673517465
7.23E+11,1.1467,3.2911,2.870061917
7.24E+11,0.7905,2.202,2.785578748
7.24E+11,1.7832,2.202,1.234858681
7.25E+11,1.7335,2.4186,1.395211999
7.25E+11,1.107,2.4186,2.184823848
7.25E+11,0.9074,2.4186,2.665417677
7.26E+11,0.5728,2.7342,4.773393855
7.26E+11,0.9834,2.7342,2.780353874
7.26E+11,1.1491,2.7342,2.379427378
7.27E+11,1.1516,3.0498,2.648315387
7.27E+11,0.9007,3.0498,3.386033085
7.27E+11,1.0274,3.0498,2.968464084
7.28E+11,2.3101,2.469,1.068784901
7.29E+11,1.1117,2.7022,2.430691733
7.29E+11,1.1691,2.7022,2.311350612
7.29E+11,0.4664,2.7022,5.79373928
7.29E+11,0.9045,2.7022,2.98750691
7.3E+11,1.0813,2.8223,2.610098955
7.3E+11,1.1616,2.8223,2.429665978
7.31E+11,1.1147,2.4921,2.23566879
7.31E+11,0.7909,2.4921,3.150967252
7.32E+11,2.353,2.6063,1.107649809
7.32E+11,1.1752,2.6063,2.21775017
7.33E+11,1.2012,2.542,2.116217116
7.33E+11,0.588,2.542,4.323129252
7.33E+11,0.7304,2.542,3.480284775
7.33E+11,1.0309,2.542,2.465806577
7.34E+11,1.2339,2.9536,2.393710998
7.34E+11,1.1474,2.9536,2.574167683
7.34E+11,0.8105,2.9536,3.644170265
7.35E+11,1.8147,2.3495,1.294704359
7.36E+11,1.7057,2.299,1.347833734
7.36E+11,1.109,2.299,2.073038774
7.36E+11,0.9003,2.299,2.553593247
7.36E+11,0.5796,2.299,3.96652864
7.37E+11,0.9849,2.7953,2.838156158
7.37E+11,1.0763,2.7953,2.597138344
7.37E+11,2.4272,2.7953,1.151656229
7.37E+11,1.622,2.7953,1.723366215
7.38E+11,3.222,3.2916,1.02160149
7.39E+11,3.1818,2.1892,0.688038217
7.4E+11,3.3278,3.9759,1.19475329
7.41E+11,2.7562,4.3523,1.579094405
7.42E+11,2.2653,4.7287,2.087449786
7.42E+11,2.334,4.7287,2.026006855
7.43E+11,2.2908,3.2785,1.43115942
7.43E+11,2.043,3.2785,1.60474792
7.44E+11,1.8237,2.854,1.564950376
7.44E+11,1.6773,2.854,1.701544148
7.45E+11,1.6421,2.7925,1.700566348
7.45E+11,1.3714,2.7925,2.036240338
7.46E+11,1.3715,2.2996,1.676704338
7.46E+11,1.3433,2.2996,1.711903521
7.47E+11,1.47,2.2017,1.497755102
7.47E+11,1.3508,2.2017,1.629923009
7.48E+11,1.2728,2.3783,1.868557511
7.48E+11,1.0993,2.3783,2.163467661
7.48E+11,1.2185,2.3783,1.951826016
7.49E+11,1.4069,2.148,1.526760964
7.49E+11,1.4308,2.148,1.501258037
7.5E+11,1.4781,2.4733,1.6732968
7.5E+11,1.2121,2.4733,2.040508209
7.51E+11,1.4855,2.4786,1.668529115
7.51E+11,1.4221,2.4786,1.742915407
7.52E+11,1.2975,2.4583,1.894643545
7.52E+11,1.2265,2.4583,2.004321239
7.53E+11,1.0756,2.1841,2.030587579
7.53E+11,1.333,2.1841,1.638484621
7.54E+11,1.4513,2.3694,1.63260525
7.54E+11,1.3685,2.3694,1.731384728
7.55E+11,1.5144,2.5056,1.65451664
7.55E+11,1.1697,2.5056,2.142087715
7.56E+11,1.5706,2.5275,1.609257609
7.56E+11,1.4054,2.5275,1.798420379
7.57E+11,1.2251,2.2087,1.802873235
7.57E+11,1.2376,2.2087,1.784663866
7.57E+11,1.1326,2.2087,1.95011478
7.58E+11,1.323,2.2476,1.698866213
7.58E+11,1.5126,2.2476,1.485918286
7.59E+11,1.3801,2.2866,1.656836461
7.59E+11,1.4191,2.2866,1.611302938
7.6E+11,1.2918,2.4958,1.932032822
7.6E+11,1.4905,2.4958,1.674471654
7.61E+11,1.3426,2.6022,1.938179651
7.61E+11,1.2905,2.6022,2.016427741
7.62E+11,1.107,2.2177,2.003342367
7.62E+11,1.2044,2.2177,1.841331783
7.63E+11,1.405,2.2231,1.58227758
7.63E+11,1.4379,2.2231,1.546074136
7.64E+11,1.4865,2.4772,1.66646485
7.64E+11,1.2164,2.4772,2.036501151
7.64E+11,1.4558,2.4772,1.701607364
7.65E+11,1.4491,2.6733,1.844800221
7.65E+11,1.3071,2.6733,2.045214597
7.66E+11,1.2174,2.204,1.81041564
7.66E+11,1.0731,2.204,2.053862641
7.67E+11,1.3247,2.1816,1.646863441
7.67E+11,1.4671,2.1816,1.4870152
7.67E+11,1.6787,2.1816,1.299577054
7.67E+11,1.1185,2.1816,1.950469379
7.68E+11,1.3972,2.4884,1.780990553
7.68E+11,1.4003,2.4884,1.777047775
7.69E+11,1.4027,2.4946,1.778427319
7.69E+11,1.4033,2.4946,1.777666928
7.7E+11,1.7043,2.4305,1.426098692
7.7E+11,2.0124,2.4305,1.207761876
7.71E+11,1.7703,2.4327,1.374173869
7.72E+11,2.0493,2.8959,1.413116674
7.72E+11,1.7541,2.8959,1.650932102
7.73E+11,1.8607,3.2399,1.74122642
7.73E+11,1.8028,3.2399,1.79714888
7.74E+11,1.7432,3.0995,1.778051859
7.75E+11,1.7912,2.9592,1.65207682
7.75E+11,1.563,2.9592,1.89328215
7.76E+11,1.8566,3.1172,1.678983087
7.77E+11,1.8765,2.8458,1.516546763
7.77E+11,1.8095,2.8458,1.572699641
7.78E+11,1.7547,2.9564,1.684846412
7.78E+11,1.8835,2.9564,1.569631006
7.79E+11,1.76,3.067,1.742613636
7.8E+11,1.8167,3.1396,1.728188474
7.8E+11,1.9418,3.1396,1.616850345
7.81E+11,1.8339,3.1034,1.69224058
7.82E+11,2.0218,3.0671,1.517014541
7.82E+11,1.8178,3.0671,1.687259324
7.83E+11,1.7781,3.2036,1.801698442
7.84E+11,1.7559,2.9738,1.693604419
7.84E+11,1.82,2.9738,1.633956044
7.85E+11,1.6742,3.0508,1.82224346
7.85E+11,1.6782,3.0508,1.817900131
7.86E+11,1.9567,3.1277,1.598456585
7.87E+11,1.7572,2.8555,1.625028454
7.87E+11,1.7852,2.8555,1.599540668
7.88E+11,1.8085,2.976,1.645562621
7.89E+11,1.8026,3.0964,1.717741041
7.89E+11,1.8077,3.0964,1.712894839
7.9E+11,1.9901,3.0628,1.53901814
7.9E+11,1.7631,3.0628,1.737167489
7.91E+11,2.0327,3.1792,1.56402814
7.92E+11,1.809,3.1516,1.742177999
7.92E+11,1.8025,3.1516,1.748460472
7.93E+11,1.8589,3.1239,1.680509979
7.94E+11,1.708,3.0552,1.788758782
7.94E+11,1.8599,3.0552,1.642668961
7.95E+11,1.5372,3.0801,2.003708041
7.95E+11,1.8009,3.0801,1.710311511
7.96E+11,1.9403,3.105,1.600268
7.97E+11,1.7551,2.8679,1.634037947
7.97E+11,1.798,2.8679,1.595050056
7.98E+11,1.8516,3.0589,1.652030676
7.99E+11,1.7831,3.0908,1.733385677
7.99E+11,1.8585,3.0908,1.663061609
8E+11,1.8894,3.1226,1.652693977
8.01E+11,1.9136,3.1982,1.671300167
8.01E+11,1.866,3.1982,1.713933548
8.02E+11,1.8582,3.1189,1.678452266
8.02E+11,1.7718,3.1189,1.76030026
8.03E+11,1.7571,3.0396,1.729895851
8.04E+11,1.7924,3.1001,1.729580451
8.04E+11,1.6285,3.1001,1.903653669
8.05E+11,1.7559,2.9765,1.695142092
8.06E+11,1.9428,2.9866,1.537265802
8.06E+11,1.8274,2.9866,1.634343877
8.07E+11,1.7808,2.9967,1.682783019
8.07E+11,1.7738,2.9967,1.689423836
8.08E+11,1.7771,2.9899,1.682460188
8.09E+11,1.8619,3.0969,1.663300929
8.09E+11,1.9064,3.0969,1.624475451
8.1E+11,1.8407,3.2039,1.74058782
8.11E+11,1.9795,3.1273,1.579843395
8.11E+11,1.8652,3.1273,1.676656659
8.12E+11,1.8063,3.0848,1.707800476
8.13E+11,1.8273,3.0661,1.67794013
8.13E+11,1.7311,3.0661,1.771185951
8.14E+11,1.8108,3.0474,1.682902584
8.14E+11,1.5893,3.0474,1.917447933
8.15E+11,1.8109,3.0065,1.660224198
8.16E+11,1.8579,3.0143,1.622423166
8.16E+11,1.7982,3.0143,1.676287399
8.17E+11,1.8309,3.0221,1.65060899
8.17E+11,1.698,3.0221,1.779799764
8.18E+11,2.1358,3.0773,1.440818429
8.18E+11,1.5014,3.0773,2.049620354
8.18E+11,1.264,3.0773,2.434572785
8.18E+11,1.3978,3.0773,2.201530977
8.19E+11,1.2823,3.1331,2.443343991
8.19E+11,1.634,3.1331,1.91744186
8.2E+11,1.491,1.609,1.079141516
8.2E+11,1.5047,1.609,1.069316143
8.21E+11,1.589,1.5542,0.978099434
